Qnty,Manufacturer,Stock Code,Title,Long Description,Short Description,Wholesale Price,Selling Price excl,Category,In Stock Text,Supplier,Tax ID
47,UNBRANDED,6010026,AUDIO 3.5MM 4 SEG (F) – 2 X (M),AUDIO 3.5MM 4 SEG (F) – 2 X (M),AUDIO 3.5MM 4 SEG (F) – 2 X (M),9,10.8,NEW ITEMS,IN STOCK at supplier. <br> If ordered before 12PM: <br> DELIVERED next business day (main centres) <br> or 3-5 business days (regional areas or large items) <br> COLLECTION from Geewiz available Same Day (approx 4:30pm) ,TVR,1
1,KONICA MINOLTA,1710567-002,PAGEPRO 1300W TONER (6000 PRINTS),PAGEPRO 1300W TONER (6000 PRINTS),PAGEPRO 1300W TONER (6000 PRINTS),1059,1270.8,NEW ITEMS,IN STOCK at supplier. <br> If ordered before 12PM: <br> DELIVERED next business day (main centres) <br> or 3-5 business days (regional areas or large items) <br> COLLECTION from Geewiz available Same Day (approx 4:30pm) ,TVR,1
1,CANON,3009C002AA,CANON 057 BLACK TONER CARTRIDGE,CANON 057 BLACK TONER CARTRIDGE,CANON 057 BLACK TONER CARTRIDGE,1879,2254.8,NEW ITEMS,IN STOCK at supplier. <br> If ordered before 12PM: <br> DELIVERED next business day (main centres) <br> or 3-5 business days (regional areas or large items) <br> COLLECTION from Geewiz available Same Day (approx 4:30pm) ,TVR,1
5,CANON,3014C002AA,CANON 055 MAGENTA TONER CARTRIDGE,CANON 055 MAGENTA TONER CARTRIDGE,CANON 055 MAGENTA TONER CARTRIDGE,1655,1986,NEW ITEMS,IN STOCK at supplier. <br> If ordered before 12PM: <br> DELIVERED next business day (main centres) <br> or 3-5 business days (regional areas or large items) <br> COLLECTION from Geewiz available Same Day (approx 4:30pm) ,TVR,1
5,CANON,3015C002AA,CANON 055 CYAN TONER CARTRIDGE,CANON 055 CYAN TONER CARTRIDGE,CANON 055 CYAN TONER CARTRIDGE,1655,1986,NEW ITEMS,IN STOCK at supplier. <br> If ordered before 12PM: <br> DELIVERED next business day (main centres) <br> or 3-5 business days (regional areas or large items) <br> COLLECTION from Geewiz available Same Day (approx 4:30pm) ,TVR,1
3,CANON,3016C002AA,CANON 055 BLACK TONER CARTRIDGE,CANON 055 BLACK TONER CARTRIDGE,CANON 055 BLACK TONER CARTRIDGE,1377,1652.4,NEW ITEMS,IN STOCK at supplier. <br> If ordered before 12PM: <br> DELIVERED next business day (main centres) <br> or 3-5 business days (regional areas or large items) <br> COLLECTION from Geewiz available Same Day (approx 4:30pm) ,TVR,1
13,CANON,3109018AA,CANON INK - TS704 COLOUR A4,CANON INK - TS704 COLOUR A5,CANON INK - TS704 COLOUR A6,1032,1238.4,NEW ITEMS,IN STOCK at supplier. <br> If ordered before 12PM: <br> DELIVERED next business day (main centres) <br> or 3-5 business days (regional areas or large items) <br> COLLECTION from Geewiz available Same Day (approx 4:30pm) ,TVR,1
1,CANON,3114C032AA,CANON INK - G7040 COLOUR A4 (4-IN-1),CANON INK - G7040 COLOUR A4 (4-IN-1),CANON INK - G7040 COLOUR A4 (4-IN-1),5146,6175.2,NEW ITEMS,IN STOCK at supplier. <br> If ordered before 12PM: <br> DELIVERED next business day (main centres) <br> or 3-5 business days (regional areas or large items) <br> COLLECTION from Geewiz available Same Day (approx 4:30pm) ,TVR,1
1,CANON,3516C008AA,CANON LASER - LBP223DW PRINTER,CANON LASER - LBP223DW PRINTER,CANON LASER - LBP223DW PRINTER,2492,2990.4,NEW ITEMS,IN STOCK at supplier. <br> If ordered before 12PM: <br> DELIVERED next business day (main centres) <br> or 3-5 business days (regional areas or large items) <br> COLLECTION from Geewiz available Same Day (approx 4:30pm) ,TVR,1
5,CANON,3710C001AA,CANON PG-460 XL BLACK INK TANK,CANON PG-460 XL BLACK INK TANK,CANON PG-460 XL BLACK INK TANK,432,518.4,NEW ITEMS,IN STOCK at supplier. <br> If ordered before 12PM: <br> DELIVERED next business day (main centres) <br> or 3-5 business days (regional areas or large items) <br> COLLECTION from Geewiz available Same Day (approx 4:30pm) ,TVR,1
4,CANON,3711C001AA,CANON PG-460 BLACK INK TANK,CANON PG-460 BLACK INK TANK,CANON PG-460 BLACK INK TANK,310,372,NEW ITEMS,IN STOCK at supplier. <br> If ordered before 12PM: <br> DELIVERED next business day (main centres) <br> or 3-5 business days (regional areas or large items) <br> COLLECTION from Geewiz available Same Day (approx 4:30pm) ,TVR,1
1,CANON,3711C004AA,CANON PG-460/461 MULTIPACK,CANON PG-460/461 MULTIPACK,CANON PG-460/461 MULTIPACK,541,649.2,NEW ITEMS,IN STOCK at supplier. <br> If ordered before 12PM: <br> DELIVERED next business day (main centres) <br> or 3-5 business days (regional areas or large items) <br> COLLECTION from Geewiz available Same Day (approx 4:30pm) ,TVR,1
6,CANON,3728C001AA,CANON CL-461 XL COLOUR INK TANK,CANON CL-461 XL COLOUR INK TANK,CANON CL-461 XL COLOUR INK TANK,353,423.6,NEW ITEMS,IN STOCK at supplier. <br> If ordered before 12PM: <br> DELIVERED next business day (main centres) <br> or 3-5 business days (regional areas or large items) <br> COLLECTION from Geewiz available Same Day (approx 4:30pm) ,TVR,1
4,CANON,3729C001AA,CANON CL-461 COLOUR INK TANK,CANON CL-461 COLOUR INK TANK,CANON CL-461 COLOUR INK TANK,0,0,NEW ITEMS,IN STOCK at supplier. <br> If ordered before 12PM: <br> DELIVERED next business day (main centres) <br> or 3-5 business days (regional areas or large items) <br> COLLECTION from Geewiz available Same Day (approx 4:30pm) ,TVR,1
9,CANON,3771C007AA,CANON MULTIPASS PIXMA TS3340 (3-IN-1),CANON MULTIPASS PIXMA TS3340 (3-IN-1),CANON MULTIPASS PIXMA TS3340 (3-IN-1),585,702,NEW ITEMS,IN STOCK at supplier. <br> If ordered before 12PM: <br> DELIVERED next business day (main centres) <br> or 3-5 business days (regional areas or large items) <br> COLLECTION from Geewiz available Same Day (approx 4:30pm) ,TVR,1
1,CANON,3775C12A,CANON MULTIPASS PIXMA TS8340,CANON MULTIPASS PIXMA TS8341,CANON MULTIPASS PIXMA TS8342,1808,2169.6,NEW ITEMS,IN STOCK at supplier. <br> If ordered before 12PM: <br> DELIVERED next business day (main centres) <br> or 3-5 business days (regional areas or large items) <br> COLLECTION from Geewiz available Same Day (approx 4:30pm) ,TVR,1
14,CANON,3879C005AA,CANON ZOE MINI S PHOTO PRINTER BLK,CANON ZOE MINI S PHOTO PRINTER BLK,CANON ZOE MINI S PHOTO PRINTER BLK,1573,1887.6,NEW ITEMS,IN STOCK at supplier. <br> If ordered before 12PM: <br> DELIVERED next business day (main centres) <br> or 3-5 business days (regional areas or large items) <br> COLLECTION from Geewiz available Same Day (approx 4:30pm) ,TVR,1
15,CANON,3879C006AA,CANON ZOE MINI S PHOTO PRINTER WHT,CANON ZOE MINI S PHOTO PRINTER WHT,CANON ZOE MINI S PHOTO PRINTER WHT,1573,1887.6,NEW ITEMS,IN STOCK at supplier. <br> If ordered before 12PM: <br> DELIVERED next business day (main centres) <br> or 3-5 business days (regional areas or large items) <br> COLLECTION from Geewiz available Same Day (approx 4:30pm) ,TVR,1
13,CANON,3879C007AA,CANON ZOE MINI S PHOTO PRINTER R/GOLD,CANON ZOE MINI S PHOTO PRINTER R/GOLD,CANON ZOE MINI S PHOTO PRINTER R/GOLD,1573,1887.6,NEW ITEMS,IN STOCK at supplier. <br> If ordered before 12PM: <br> DELIVERED next business day (main centres) <br> or 3-5 business days (regional areas or large items) <br> COLLECTION from Geewiz available Same Day (approx 4:30pm) ,TVR,1
14,CANON,4557B005AA,CANON CLI-426 MULTIPACK C/M/Y,CANON CLI-426 MULTIPACK C/M/Y,CANON CLI-426 MULTIPACK C/M/Y,577,692.4,NEW ITEMS,IN STOCK at supplier. <br> If ordered before 12PM: <br> DELIVERED next business day (main centres) <br> or 3-5 business days (regional areas or large items) <br> COLLECTION from Geewiz available Same Day (approx 4:30pm) ,TVR,1
7,CANON,5730B002AB,CANON SCIENTIFIC - F 715SG WHT *,CANON SCIENTIFIC - F 715SG WHT *,CANON SCIENTIFIC - F 715SG WHT *,55,66,NEW ITEMS,IN STOCK at supplier. <br> If ordered before 12PM: <br> DELIVERED next business day (main centres) <br> or 3-5 business days (regional areas or large items) <br> COLLECTION from Geewiz available Same Day (approx 4:30pm) ,TVR,1
9,FELLOWES,58021,"FELLOWES MOUSEPAD, PREMIUM BLUE","FELLOWES MOUSEPAD, PREMIUM BLUE","FELLOWES MOUSEPAD, PREMIUM BLUE",38,45.6,NEW ITEMS,IN STOCK at supplier. <br> If ordered before 12PM: <br> DELIVERED next business day (main centres) <br> or 3-5 business days (regional areas or large items) <br> COLLECTION from Geewiz available Same Day (approx 4:30pm) ,TVR,1
9,FELLOWES,58023,"FELLOWES MOUSEPAD, PREMIUM SILVER","FELLOWES MOUSEPAD, PREMIUM SILVER","FELLOWES MOUSEPAD, PREMIUM SILVER",38,45.6,NEW ITEMS,IN STOCK at supplier. <br> If ordered before 12PM: <br> DELIVERED next business day (main centres) <br> or 3-5 business days (regional areas or large items) <br> COLLECTION from Geewiz available Same Day (approx 4:30pm) ,TVR,1
9,HTC,99H20269-00,"VIVE GASKET, NARROW FACE","VIVE GASKET, NARROW FACE","VIVE GASKET, NARROW FACE",448,537.6,NEW ITEMS,IN STOCK at supplier. <br> If ordered before 12PM: <br> DELIVERED next business day (main centres) <br> or 3-5 business days (regional areas or large items) <br> COLLECTION from Geewiz available Same Day (approx 4:30pm) ,TVR,1
3,TENDA,A301,"TENDA EXTENDER, 300MBPS WIFI REPEATER","TENDA EXTENDER, 300MBPS WIFI REPEATER","TENDA EXTENDER, 300MBPS WIFI REPEATER",218,261.6,NEW ITEMS,IN STOCK at supplier. <br> If ordered before 12PM: <br> DELIVERED next business day (main centres) <br> or 3-5 business days (regional areas or large items) <br> COLLECTION from Geewiz available Same Day (approx 4:30pm) ,TVR,1
3,ADATA,AC008-16G-RWE,ADATA USB 2.0 RETRACTABLE 16GB WHT/BLU,ADATA USB 2.0 RETRACTABLE 16GB WHT/BLU,ADATA USB 2.0 RETRACTABLE 16GB WHT/BLU,46,55.2,NEW ITEMS,IN STOCK at supplier. <br> If ordered before 12PM: <br> DELIVERED next business day (main centres) <br> or 3-5 business days (regional areas or large items) <br> COLLECTION from Geewiz available Same Day (approx 4:30pm) ,TVR,1
15,TENDA,AC10,"TENDA ROUTER, AC1200 SMART GIGABIT WI-FI","TENDA ROUTER, AC1200 SMART GIGABIT WI-FI","TENDA ROUTER, AC1200 SMART GIGABIT WI-FI",588,705.6,NEW ITEMS,IN STOCK at supplier. <br> If ordered before 12PM: <br> DELIVERED next business day (main centres) <br> or 3-5 business days (regional areas or large items) <br> COLLECTION from Geewiz available Same Day (approx 4:30pm) ,TVR,1
35,TENDA,AC6,"TENDA ROUTER, AC1200 SMART DB WLESS","TENDA ROUTER, AC1200 SMART DB WLESS","TENDA ROUTER, AC1200 SMART DB WLESS",475,570,NEW ITEMS,IN STOCK at supplier. <br> If ordered before 12PM: <br> DELIVERED next business day (main centres) <br> or 3-5 business days (regional areas or large items) <br> COLLECTION from Geewiz available Same Day (approx 4:30pm) ,TVR,1
20,ADATA,AC906-16G-RBK,ADATA USB 2.0 COMPACT 16GB BLK,ADATA USB 2.0 COMPACT 16GB BLK,ADATA USB 2.0 COMPACT 16GB BLK,48,57.6,NEW ITEMS,IN STOCK at supplier. <br> If ordered before 12PM: <br> DELIVERED next business day (main centres) <br> or 3-5 business days (regional areas or large items) <br> COLLECTION from Geewiz available Same Day (approx 4:30pm) ,TVR,1
8,CAMELION,ACC093,CAMELION BC-0678 BATTERY CHARGER,CAMELION BC-0678 BATTERY CHARGER,CAMELION BC-0678 BATTERY CHARGER,188,225.6,NEW ITEMS,IN STOCK at supplier. <br> If ordered before 12PM: <br> DELIVERED next business day (main centres) <br> or 3-5 business days (regional areas or large items) <br> COLLECTION from Geewiz available Same Day (approx 4:30pm) ,TVR,1
1,GENISAT,ACC106,GENISAT 0074 2 PORT SERIAL ATA PCI CARD,GENISAT 0074 2 PORT SERIAL ATA PCI CARD,GENISAT 0074 2 PORT SERIAL ATA PCI CARD,148,177.6,NEW ITEMS,IN STOCK at supplier. <br> If ordered before 12PM: <br> DELIVERED next business day (main centres) <br> or 3-5 business days (regional areas or large items) <br> COLLECTION from Geewiz available Same Day (approx 4:30pm) ,TVR,1
4,GENISAT,ACC188,"GENISAT 2.5"" IDE MOBILE RACK ENCLOSURE","GENISAT 2.5"" IDE MOBILE RACK ENCLOSURE","GENISAT 2.5"" IDE MOBILE RACK ENCLOSURE",268,321.6,NEW ITEMS,IN STOCK at supplier. <br> If ordered before 12PM: <br> DELIVERED next business day (main centres) <br> or 3-5 business days (regional areas or large items) <br> COLLECTION from Geewiz available Same Day (approx 4:30pm) ,TVR,1
14,ADATA,AD4S2666716G19-SGN,16GB ADATA SO-DIMM DDR4 PC-2666 2048X8,16GB ADATA SO-DIMM DDR4 PC-2666 2048X9,16GB ADATA SO-DIMM DDR4 PC-2666 2048X10,938,1125.6,NEW ITEMS,IN STOCK at supplier. <br> If ordered before 12PM: <br> DELIVERED next business day (main centres) <br> or 3-5 business days (regional areas or large items) <br> COLLECTION from Geewiz available Same Day (approx 4:30pm) ,TVR,1
12,ADATA,AFALCON-2T-C,ADATA FALCON NVME M.2 SSD 2TB SSD,ADATA FALCON NVME M.2 SSD 2TB SSD,ADATA FALCON NVME M.2 SSD 2TB SSD,3799,4558.8,NEW ITEMS,IN STOCK at supplier. <br> If ordered before 12PM: <br> DELIVERED next business day (main centres) <br> or 3-5 business days (regional areas or large items) <br> COLLECTION from Geewiz available Same Day (approx 4:30pm) ,TVR,1
10,TENDA,AP5,"TENDA AP, 300MBPS WIRELESS DESKTOP","TENDA AP, 300MBPS WIRELESS DESKTOP","TENDA AP, 300MBPS WIRELESS DESKTOP",337,404.4,NEW ITEMS,IN STOCK at supplier. <br> If ordered before 12PM: <br> DELIVERED next business day (main centres) <br> or 3-5 business days (regional areas or large items) <br> COLLECTION from Geewiz available Same Day (approx 4:30pm) ,TVR,1
3,OKION,BGN24OLI,"OKION BAG, LITOZ OLIVE NOTEBOOK CASE","OKION BAG, LITOZ OLIVE NOTEBOOK CASE","OKION BAG, LITOZ OLIVE NOTEBOOK CASE",148,177.6,NEW ITEMS,IN STOCK at supplier. <br> If ordered before 12PM: <br> DELIVERED next business day (main centres) <br> or 3-5 business days (regional areas or large items) <br> COLLECTION from Geewiz available Same Day (approx 4:30pm) ,TVR,1
18,OKION,BGN37YEL,"OKION BAG, ROSAN 15.4"" NOTEBOOK CASE, GO","OKION BAG, ROSAN 15.4"" NOTEBOOK CASE, GO","OKION BAG, ROSAN 15.4"" NOTEBOOK CASE, GO",237,284.4,NEW ITEMS,IN STOCK at supplier. <br> If ordered before 12PM: <br> DELIVERED next business day (main centres) <br> or 3-5 business days (regional areas or large items) <br> COLLECTION from Geewiz available Same Day (approx 4:30pm) ,TVR,1
7,OKION,BM2,"OKION BAG, PUREMAX NOTEBOOK MESSENGER BA","OKION BAG, PUREMAX NOTEBOOK MESSENGER BA","OKION BAG, PUREMAX NOTEBOOK MESSENGER BA",155,186,NEW ITEMS,IN STOCK at supplier. <br> If ordered before 12PM: <br> DELIVERED next business day (main centres) <br> or 3-5 business days (regional areas or large items) <br> COLLECTION from Geewiz available Same Day (approx 4:30pm) ,TVR,1
15,OKION,BP41_BLK,"OKION BAG, ALBERTA SPORT 15.4"" BLK B/P","OKION BAG, ALBERTA SPORT 15.4"" BLK B/P","OKION BAG, ALBERTA SPORT 15.4"" BLK B/P",288,345.6,NEW ITEMS,IN STOCK at supplier. <br> If ordered before 12PM: <br> DELIVERED next business day (main centres) <br> or 3-5 business days (regional areas or large items) <br> COLLECTION from Geewiz available Same Day (approx 4:30pm) ,TVR,1
18,INTEL,BX80684G5420,INTEL COFFEE G5420 PENT 3.50GHZ LGA1151,INTEL COFFEE G5420 PENT 3.50GHZ LGA1152,INTEL COFFEE G5420 PENT 3.50GHZ LGA1153,1044,1252.8,NEW ITEMS,IN STOCK at supplier. <br> If ordered before 12PM: <br> DELIVERED next business day (main centres) <br> or 3-5 business days (regional areas or large items) <br> COLLECTION from Geewiz available Same Day (approx 4:30pm) ,TVR,1
5,INTEL,BX8070110100,INTEL COMETLAKE-S I3-10100 3.6GH LGA1200,INTEL COMETLAKE-S I3-10100 3.6GH LGA1201,INTEL COMETLAKE-S I3-10100 3.6GH LGA1202,2307,2768.4,NEW ITEMS,IN STOCK at supplier. <br> If ordered before 12PM: <br> DELIVERED next business day (main centres) <br> or 3-5 business days (regional areas or large items) <br> COLLECTION from Geewiz available Same Day (approx 4:30pm) ,TVR,1
7,INTEL,BX8070110400,INTEL COMETLAKE-S I5-10400 2.9GH LGA1200,INTEL COMETLAKE-S I5-10400 2.9GH LGA1201,INTEL COMETLAKE-S I5-10400 2.9GH LGA1202,3462,4154.4,NEW ITEMS,IN STOCK at supplier. <br> If ordered before 12PM: <br> DELIVERED next business day (main centres) <br> or 3-5 business days (regional areas or large items) <br> COLLECTION from Geewiz available Same Day (approx 4:30pm) ,TVR,1
5,INTEL,BX8070110400F,INTEL COMETLAKE-S I5-10400F 2.9G LGA1200,INTEL COMETLAKE-S I5-10400F 2.9G LGA1201,INTEL COMETLAKE-S I5-10400F 2.9G LGA1202,3019,3622.8,NEW ITEMS,IN STOCK at supplier. <br> If ordered before 12PM: <br> DELIVERED next business day (main centres) <br> or 3-5 business days (regional areas or large items) <br> COLLECTION from Geewiz available Same Day (approx 4:30pm) ,TVR,1
4,INTEL,BX8070110700,INTEL COMETLAKE-S I7-10700 4.8GH LGA1200,INTEL COMETLAKE-S I7-10700 4.8GH LGA1201,INTEL COMETLAKE-S I7-10700 4.8GH LGA1202,6412,7694.4,NEW ITEMS,IN STOCK at supplier. <br> If ordered before 12PM: <br> DELIVERED next business day (main centres) <br> or 3-5 business days (regional areas or large items) <br> COLLECTION from Geewiz available Same Day (approx 4:30pm) ,TVR,1
8,THERMALTAKE,CA-1P1-00M1WN-00,"TT CASE, COMMANDER G31 TG ARGB","TT CASE, COMMANDER G31 TG ARGB","TT CASE, COMMANDER G31 TG ARGB",1448,1737.6,NEW ITEMS,IN STOCK at supplier. <br> If ordered before 12PM: <br> DELIVERED next business day (main centres) <br> or 3-5 business days (regional areas or large items) <br> COLLECTION from Geewiz available Same Day (approx 4:30pm) ,TVR,1
7,THERMALTAKE,CA-1P2-00M1WN-00,"TT CASE, COMMANDER G32 TG ARGB","TT CASE, COMMANDER G32 TG ARGB","TT CASE, COMMANDER G32 TG ARGB",1448,1737.6,NEW ITEMS,IN STOCK at supplier. <br> If ordered before 12PM: <br> DELIVERED next business day (main centres) <br> or 3-5 business days (regional areas or large items) <br> COLLECTION from Geewiz available Same Day (approx 4:30pm) ,TVR,1
3,THERMALTAKE,CA-1P3-00M1WN-00,"TT CASE, COMMANDER G33 TG ARGB","TT CASE, COMMANDER G33 TG ARGB","TT CASE, COMMANDER G33 TG ARGB",1448,1737.6,NEW ITEMS,IN STOCK at supplier. <br> If ordered before 12PM: <br> DELIVERED next business day (main centres) <br> or 3-5 business days (regional areas or large items) <br> COLLECTION from Geewiz available Same Day (approx 4:30pm) ,TVR,1
6,THERMALTAKE,CA-1P4-00M1WN-00,"TT CASE, H550 TG ARGB","TT CASE, H550 TG ARGB","TT CASE, H550 TG ARGB",1648,1977.6,NEW ITEMS,IN STOCK at supplier. <br> If ordered before 12PM: <br> DELIVERED next business day (main centres) <br> or 3-5 business days (regional areas or large items) <br> COLLECTION from Geewiz available Same Day (approx 4:30pm) ,TVR,1
2,THERMALTAKE,CA-1P6-00F1WN-00,"TT CASE, LEVEL 20 HT ARGB","TT CASE, LEVEL 20 HT ARGB","TT CASE, LEVEL 20 HT ARGB",2989,3586.8,NEW ITEMS,IN STOCK at supplier. <br> If ordered before 12PM: <br> DELIVERED next business day (main centres) <br> or 3-5 business days (regional areas or large items) <br> COLLECTION from Geewiz available Same Day (approx 4:30pm) ,TVR,1
4,THERMALTAKE,CA-1P6-00F6WN-00,"TT CASE, LEVEL 20 HT SNOW ARGB","TT CASE, LEVEL 20 HT SNOW ARGB","TT CASE, LEVEL 20 HT SNOW ARGB",2989,3586.8,NEW ITEMS,IN STOCK at supplier. <br> If ordered before 12PM: <br> DELIVERED next business day (main centres) <br> or 3-5 business days (regional areas or large items) <br> COLLECTION from Geewiz available Same Day (approx 4:30pm) ,TVR,1
4,THERMALTAKE,CA-1P8-00M1WN-00,"TT CASE, LEVEL 20 RS ARGB","TT CASE, LEVEL 20 RS ARGB","TT CASE, LEVEL 20 RS ARGB",2388,2865.6,NEW ITEMS,IN STOCK at supplier. <br> If ordered before 12PM: <br> DELIVERED next business day (main centres) <br> or 3-5 business days (regional areas or large items) <br> COLLECTION from Geewiz available Same Day (approx 4:30pm) ,TVR,1
1,UNBRANDED,CAB015,CONNECTOR - RJ45 CAT5 CONNECTOR,CONNECTOR - RJ45 CAT5 CONNECTOR,CONNECTOR - RJ45 CAT5 CONNECTOR,1,1.2,NEW ITEMS,IN STOCK at supplier. <br> If ordered before 12PM: <br> DELIVERED next business day (main centres) <br> or 3-5 business days (regional areas or large items) <br> COLLECTION from Geewiz available Same Day (approx 4:30pm) ,TVR,1
1,UNBRANDED,CAB760,POWER - RED PLUG 1.8M SINGLE C15,POWER - RED PLUG 1.8M SINGLE C16,POWER - RED PLUG 1.8M SINGLE C17,35,42,NEW ITEMS,IN STOCK at supplier. <br> If ordered before 12PM: <br> DELIVERED next business day (main centres) <br> or 3-5 business days (regional areas or large items) <br> COLLECTION from Geewiz available Same Day (approx 4:30pm) ,TVR,1
2,ACARD,CFT-S-13M15-1R,1310/1550 NM MUX & DEMUXWDM FILTER MOD,1310/1550 NM MUX & DEMUXWDM FILTER MOD,1310/1550 NM MUX & DEMUXWDM FILTER MOD,3788,4545.6,NEW ITEMS,IN STOCK at supplier. <br> If ordered before 12PM: <br> DELIVERED next business day (main centres) <br> or 3-5 business days (regional areas or large items) <br> COLLECTION from Geewiz available Same Day (approx 4:30pm) ,TVR,1
7,THERMALTAKE,CL-F039-PL14RED-A,"TT FAN, RIING 14 HIGH STATIC LED RED","TT FAN, RIING 14 HIGH STATIC LED RED","TT FAN, RIING 14 HIGH STATIC LED RED",138,165.6,NEW ITEMS,IN STOCK at supplier. <br> If ordered before 12PM: <br> DELIVERED next business day (main centres) <br> or 3-5 business days (regional areas or large items) <br> COLLECTION from Geewiz available Same Day (approx 4:30pm) ,TVR,1
17,THERMALTAKE,CL-F088-PL12SW-A,"TT FAN, RIING QUAD 12 RGB RADIATOR BLACK","TT FAN, RIING QUAD 12 RGB RADIATOR BLACK","TT FAN, RIING QUAD 12 RGB RADIATOR BLACK",1988,2385.6,NEW ITEMS,IN STOCK at supplier. <br> If ordered before 12PM: <br> DELIVERED next business day (main centres) <br> or 3-5 business days (regional areas or large items) <br> COLLECTION from Geewiz available Same Day (approx 4:30pm) ,TVR,1
15,THERMALTAKE,CL-F100-PL12SW-A,"TT FAN, RIING QUAD 12 RGB RADIATOR WHITE","TT FAN, RIING QUAD 12 RGB RADIATOR WHITE","TT FAN, RIING QUAD 12 RGB RADIATOR WHITE",1988,2385.6,NEW ITEMS,IN STOCK at supplier. <br> If ordered before 12PM: <br> DELIVERED next business day (main centres) <br> or 3-5 business days (regional areas or large items) <br> COLLECTION from Geewiz available Same Day (approx 4:30pm) ,TVR,1
8,THERMALTAKE,CL-W264-PL00SW-A,"TT WATER COOLER, PACIFIC CORE P5 DP-D5","TT WATER COOLER, PACIFIC CORE P5 DP-D6","TT WATER COOLER, PACIFIC CORE P5 DP-D7",4598,5517.6,NEW ITEMS,IN STOCK at supplier. <br> If ordered before 12PM: <br> DELIVERED next business day (main centres) <br> or 3-5 business days (regional areas or large items) <br> COLLECTION from Geewiz available Same Day (approx 4:30pm) ,TVR,1
12,THERMALTAKE,CL-W285-PL12SW-A,"TT WATER COOLER, TH120 ARGB SYNC","TT WATER COOLER, TH120 ARGB SYNC","TT WATER COOLER, TH120 ARGB SYNC",1248,1497.6,NEW ITEMS,IN STOCK at supplier. <br> If ordered before 12PM: <br> DELIVERED next business day (main centres) <br> or 3-5 business days (regional areas or large items) <br> COLLECTION from Geewiz available Same Day (approx 4:30pm) ,TVR,1
1,UNBRANDED,COV001,CONVERTER - USB TO POWER,CONVERTER - USB TO POWER,CONVERTER - USB TO POWER,160,192,NEW ITEMS,IN STOCK at supplier. <br> If ordered before 12PM: <br> DELIVERED next business day (main centres) <br> or 3-5 business days (regional areas or large items) <br> COLLECTION from Geewiz available Same Day (approx 4:30pm) ,TVR,1
10,LENKENG,COV048,CONVERTER - VGA TO HDMI + AUDIO (38285),CONVERTER - VGA TO HDMI + AUDIO (38285),CONVERTER - VGA TO HDMI + AUDIO (38285),302,362.4,NEW ITEMS,IN STOCK at supplier. <br> If ordered before 12PM: <br> DELIVERED next business day (main centres) <br> or 3-5 business days (regional areas or large items) <br> COLLECTION from Geewiz available Same Day (approx 4:30pm) ,TVR,1
5,INTEL,CPU470,"FAN, CPU FAN AND HEATSINK","FAN, CPU FAN AND HEATSINK","FAN, CPU FAN AND HEATSINK",90,108,NEW ITEMS,IN STOCK at supplier. <br> If ordered before 12PM: <br> DELIVERED next business day (main centres) <br> or 3-5 business days (regional areas or large items) <br> COLLECTION from Geewiz available Same Day (approx 4:30pm) ,TVR,1
6,KGUARD,CSP-3142,"KGUARD AUTO IRIS CCD 1/3"" 520TVL HIGH-RE","KGUARD AUTO IRIS CCD 1/3"" 520TVL HIGH-RE","KGUARD AUTO IRIS CCD 1/3"" 520TVL HIGH-RE",1048,1257.6,NEW ITEMS,IN STOCK at supplier. <br> If ordered before 12PM: <br> DELIVERED next business day (main centres) <br> or 3-5 business days (regional areas or large items) <br> COLLECTION from Geewiz available Same Day (approx 4:30pm) ,TVR,1
1,KGUARD,CSP-3241-3B,"KGUARD 1/3"" CCD DOME CAM W/F=3.6MM LENS","KGUARD 1/3"" CCD DOME CAM W/F=3.6MM LENS","KGUARD 1/3"" CCD DOME CAM W/F=3.6MM LENS",279,334.8,NEW ITEMS,IN STOCK at supplier. <br> If ordered before 12PM: <br> DELIVERED next business day (main centres) <br> or 3-5 business days (regional areas or large items) <br> COLLECTION from Geewiz available Same Day (approx 4:30pm) ,TVR,1
12,SAMSUNG,EP-L1100NBEGWW,SAMSUNG CAR FAST CHARGER DUAL TYP-C MIN,SAMSUNG CAR FAST CHARGER DUAL TYP-C MIN,SAMSUNG CAR FAST CHARGER DUAL TYP-C MIN,292,350.4,NEW ITEMS,IN STOCK at supplier. <br> If ordered before 12PM: <br> DELIVERED next business day (main centres) <br> or 3-5 business days (regional areas or large items) <br> COLLECTION from Geewiz available Same Day (approx 4:30pm) ,TVR,1
4,TENDA,F3,"TENDA ROUTER, 300MBPS WIRELESS ROUTER","TENDA ROUTER, 300MBPS WIRELESS ROUTER","TENDA ROUTER, 300MBPS WIRELESS ROUTER",228,273.6,NEW ITEMS,IN STOCK at supplier. <br> If ordered before 12PM: <br> DELIVERED next business day (main centres) <br> or 3-5 business days (regional areas or large items) <br> COLLECTION from Geewiz available Same Day (approx 4:30pm) ,TVR,1
22,TENDA,F9,"TENDA ROUTER, 600MBPS WI-FI","TENDA ROUTER, 600MBPS WI-FI","TENDA ROUTER, 600MBPS WI-FI",348,417.6,NEW ITEMS,IN STOCK at supplier. <br> If ordered before 12PM: <br> DELIVERED next business day (main centres) <br> or 3-5 business days (regional areas or large items) <br> COLLECTION from Geewiz available Same Day (approx 4:30pm) ,TVR,1
1,LG,FLA004,LG USB2 512MB WHT UBVS5HS01P RETR.,LG USB2 512MB WHT UBVS5HS01P RETR.,LG USB2 512MB WHT UBVS5HS01P RETR.,32,38.4,NEW ITEMS,IN STOCK at supplier. <br> If ordered before 12PM: <br> DELIVERED next business day (main centres) <br> or 3-5 business days (regional areas or large items) <br> COLLECTION from Geewiz available Same Day (approx 4:30pm) ,TVR,1
20,LG,FLA016,LG SD CARD 256MB SD2HLC-01P,LG SD CARD 256MB SD2HLC-01P,LG SD CARD 256MB SD2HLC-01P,28,33.6,NEW ITEMS,IN STOCK at supplier. <br> If ordered before 12PM: <br> DELIVERED next business day (main centres) <br> or 3-5 business days (regional areas or large items) <br> COLLECTION from Geewiz available Same Day (approx 4:30pm) ,TVR,1
11,LG,FLA017,LG SD CARD 512MB SD5HLC-01P,LG SD CARD 512MB SD5HLC-01P,LG SD CARD 512MB SD5HLC-01P,32,38.4,NEW ITEMS,IN STOCK at supplier. <br> If ordered before 12PM: <br> DELIVERED next business day (main centres) <br> or 3-5 business days (regional areas or large items) <br> COLLECTION from Geewiz available Same Day (approx 4:30pm) ,TVR,1
7,SAMSUNG,FLA081,SAMSUNG PRO MICRO SD 16 GB SDHC CLASS10*,SAMSUNG PRO MICRO SD 16 GB SDHC CLASS10*,SAMSUNG PRO MICRO SD 16 GB SDHC CLASS10*,172,206.4,NEW ITEMS,IN STOCK at supplier. <br> If ordered before 12PM: <br> DELIVERED next business day (main centres) <br> or 3-5 business days (regional areas or large items) <br> COLLECTION from Geewiz available Same Day (approx 4:30pm) ,TVR,1
4,LEVEL1,FVT-2001,"LEV1 COV, RJ45- FIBR MMF SC 2KM/100MBPS","LEV1 COV, RJ45- FIBR MMF SC 2KM/100MBPS","LEV1 COV, RJ45- FIBR MMF SC 2KM/100MBPS",488,585.6,NEW ITEMS,IN STOCK at supplier. <br> If ordered before 12PM: <br> DELIVERED next business day (main centres) <br> or 3-5 business days (regional areas or large items) <br> COLLECTION from Geewiz available Same Day (approx 4:30pm) ,TVR,1
2,LEVEL1,FVT-2002,"LEV1 COV, RJ45- FIBR MMF ST 2KM/100MBPS","LEV1 COV, RJ45- FIBR MMF ST 2KM/100MBPS","LEV1 COV, RJ45- FIBR MMF ST 2KM/100MBPS",488,585.6,NEW ITEMS,IN STOCK at supplier. <br> If ordered before 12PM: <br> DELIVERED next business day (main centres) <br> or 3-5 business days (regional areas or large items) <br> COLLECTION from Geewiz available Same Day (approx 4:30pm) ,TVR,1
1,NEW,GAM173,RETRACTABLE GOLF CLUB,RETRACTABLE GOLF CLUB,RETRACTABLE GOLF CLUB,113,135.6,NEW ITEMS,IN STOCK at supplier. <br> If ordered before 12PM: <br> DELIVERED next business day (main centres) <br> or 3-5 business days (regional areas or large items) <br> COLLECTION from Geewiz available Same Day (approx 4:30pm) ,TVR,1
2,NEW,GAM177,RECHARGEBLE BATTERIES,RECHARGEBLE BATTERIES,RECHARGEBLE BATTERIES,183,219.6,NEW ITEMS,IN STOCK at supplier. <br> If ordered before 12PM: <br> DELIVERED next business day (main centres) <br> or 3-5 business days (regional areas or large items) <br> COLLECTION from Geewiz available Same Day (approx 4:30pm) ,TVR,1
1,NEW,GAM181,PING PONG BATS,PING PONG BATS,PING PONG BATS,132,158.4,NEW ITEMS,IN STOCK at supplier. <br> If ordered before 12PM: <br> DELIVERED next business day (main centres) <br> or 3-5 business days (regional areas or large items) <br> COLLECTION from Geewiz available Same Day (approx 4:30pm) ,TVR,1
1,NEW,GAM186,2 IN 1 COMBINED LIGHT GUN,3 IN 1 COMBINED LIGHT GUN,4 IN 1 COMBINED LIGHT GUN,163,195.6,NEW ITEMS,IN STOCK at supplier. <br> If ordered before 12PM: <br> DELIVERED next business day (main centres) <br> or 3-5 business days (regional areas or large items) <br> COLLECTION from Geewiz available Same Day (approx 4:30pm) ,TVR,1
6,LEVEL1,GVT-2001,"LEV1 COV, RJ45- FIBR MMF SC - 1000MBPS","LEV1 COV, RJ45- FIBR MMF SC - 1000MBPS","LEV1 COV, RJ45- FIBR MMF SC - 1000MBPS",818,981.6,NEW ITEMS,IN STOCK at supplier. <br> If ordered before 12PM: <br> DELIVERED next business day (main centres) <br> or 3-5 business days (regional areas or large items) <br> COLLECTION from Geewiz available Same Day (approx 4:30pm) ,TVR,1
4,HUNTKEY,HA191,"HUNTKEY ALL-IN-ONE, HA191","HUNTKEY ALL-IN-ONE, HA192","HUNTKEY ALL-IN-ONE, HA193",3998,4797.6,NEW ITEMS,IN STOCK at supplier. <br> If ordered before 12PM: <br> DELIVERED next business day (main centres) <br> or 3-5 business days (regional areas or large items) <br> COLLECTION from Geewiz available Same Day (approx 4:30pm) ,TVR,1
7,MSI,IMMERSE GH50,"MSI HEADSET, IMMERSE GH50 GAMING","MSI HEADSET, IMMERSE GH50 GAMING","MSI HEADSET, IMMERSE GH50 GAMING",1018,1221.6,NEW ITEMS,IN STOCK at supplier. <br> If ordered before 12PM: <br> DELIVERED next business day (main centres) <br> or 3-5 business days (regional areas or large items) <br> COLLECTION from Geewiz available Same Day (approx 4:30pm) ,TVR,1
12,GENIUS,KEY020,**GENIUS AT KB-18M MULTI-MEDIA KEYBOARD,**GENIUS AT KB-18M MULTI-MEDIA KEYBOARD,**GENIUS AT KB-18M MULTI-MEDIA KEYBOARD,88,105.6,NEW ITEMS,IN STOCK at supplier. <br> If ordered before 12PM: <br> DELIVERED next business day (main centres) <br> or 3-5 business days (regional areas or large items) <br> COLLECTION from Geewiz available Same Day (approx 4:30pm) ,TVR,1
128,GENIUS,KEY165,GENIUS USB KM-125 KEYBOARD/MOUSE COMBO,GENIUS USB KM-125 KEYBOARD/MOUSE COMBO,GENIUS USB KM-125 KEYBOARD/MOUSE COMBO,143,171.6,NEW ITEMS,IN STOCK at supplier. <br> If ordered before 12PM: <br> DELIVERED next business day (main centres) <br> or 3-5 business days (regional areas or large items) <br> COLLECTION from Geewiz available Same Day (approx 4:30pm) ,TVR,1
13,MSI,KEY168,"MSI KEYBOARD, INTERCEPTOR DS4200 GAMING","MSI KEYBOARD, INTERCEPTOR DS4200 GAMING","MSI KEYBOARD, INTERCEPTOR DS4200 GAMING",528,633.6,NEW ITEMS,IN STOCK at supplier. <br> If ordered before 12PM: <br> DELIVERED next business day (main centres) <br> or 3-5 business days (regional areas or large items) <br> COLLECTION from Geewiz available Same Day (approx 4:30pm) ,TVR,1
60,GENIUS,KEY175,GENIUS USB KB-100 SMART BLACK KEYBOARD,GENIUS USB KB-100 SMART BLACK KEYBOARD,GENIUS USB KB-100 SMART BLACK KEYBOARD,99,118.8,NEW ITEMS,IN STOCK at supplier. <br> If ordered before 12PM: <br> DELIVERED next business day (main centres) <br> or 3-5 business days (regional areas or large items) <br> COLLECTION from Geewiz available Same Day (approx 4:30pm) ,TVR,1
3,GENIUS,KEY177,GENIUS USB KB-128 BLACK KEYBOARD,GENIUS USB KB-128 BLACK KEYBOARD,GENIUS USB KB-128 BLACK KEYBOARD,107,128.4,NEW ITEMS,IN STOCK at supplier. <br> If ordered before 12PM: <br> DELIVERED next business day (main centres) <br> or 3-5 business days (regional areas or large items) <br> COLLECTION from Geewiz available Same Day (approx 4:30pm) ,TVR,1
61,GENIUS,KEY178,GENIUS USB KM-160 KEYBOARD/MOUSE COMBO,GENIUS USB KM-160 KEYBOARD/MOUSE COMBO,GENIUS USB KM-160 KEYBOARD/MOUSE COMBO,148,177.6,NEW ITEMS,IN STOCK at supplier. <br> If ordered before 12PM: <br> DELIVERED next business day (main centres) <br> or 3-5 business days (regional areas or large items) <br> COLLECTION from Geewiz available Same Day (approx 4:30pm) ,TVR,1
40,GENIUS,KEY179,GENIUS USB KM-200 KEYBOARD/MOUSE COMBO,GENIUS USB KM-200 KEYBOARD/MOUSE COMBO,GENIUS USB KM-200 KEYBOARD/MOUSE COMBO,156,187.2,NEW ITEMS,IN STOCK at supplier. <br> If ordered before 12PM: <br> DELIVERED next business day (main centres) <br> or 3-5 business days (regional areas or large items) <br> COLLECTION from Geewiz available Same Day (approx 4:30pm) ,TVR,1
128,GENIUS,KEY182,GENIUS USB KB-118 BLACK KEYBOARD,GENIUS USB KB-118 BLACK KEYBOARD,GENIUS USB KB-118 BLACK KEYBOARD,108,129.6,NEW ITEMS,IN STOCK at supplier. <br> If ordered before 12PM: <br> DELIVERED next business day (main centres) <br> or 3-5 business days (regional areas or large items) <br> COLLECTION from Geewiz available Same Day (approx 4:30pm) ,TVR,1
15,OKION,KM227U_BLK,"OKION KEY, ZAPS USB MINI BLACK W/KEYPAD","OKION KEY, ZAPS USB MINI BLACK W/KEYPAD","OKION KEY, ZAPS USB MINI BLACK W/KEYPAD",156,187.2,NEW ITEMS,IN STOCK at supplier. <br> If ordered before 12PM: <br> DELIVERED next business day (main centres) <br> or 3-5 business days (regional areas or large items) <br> COLLECTION from Geewiz available Same Day (approx 4:30pm) ,TVR,1
24,OKION,KM227U_WHT,"OKION KEY, ZAPS USB MINI WHITE W/KEYPAD","OKION KEY, ZAPS USB MINI WHITE W/KEYPAD","OKION KEY, ZAPS USB MINI WHITE W/KEYPAD",156,187.2,NEW ITEMS,IN STOCK at supplier. <br> If ordered before 12PM: <br> DELIVERED next business day (main centres) <br> or 3-5 business days (regional areas or large items) <br> COLLECTION from Geewiz available Same Day (approx 4:30pm) ,TVR,1
2,SAMSUNG,LC32G75TQSUXEN,"SAMSUNG CURVED GAMING 32"" 240HZ G75  MON","SAMSUNG CURVED GAMING 32"" 240HZ G75  MON","SAMSUNG CURVED GAMING 32"" 240HZ G75  MON",16298,19557.6,NEW ITEMS,IN STOCK at supplier. <br> If ordered before 12PM: <br> DELIVERED next business day (main centres) <br> or 3-5 business days (regional areas or large items) <br> COLLECTION from Geewiz available Same Day (approx 4:30pm) ,TVR,1
3,SAMSUNG,LC32JG50QQU,"SAMSUNG CURVED GAMING 32"" 144HZ MON","SAMSUNG CURVED GAMING 32"" 144HZ MON","SAMSUNG CURVED GAMING 32"" 144HZ MON",6689,8026.8,NEW ITEMS,IN STOCK at supplier. <br> If ordered before 12PM: <br> DELIVERED next business day (main centres) <br> or 3-5 business days (regional areas or large items) <br> COLLECTION from Geewiz available Same Day (approx 4:30pm) ,TVR,1
5,VERBATIM,MED242,VERBATIM CD-R 52X SLIM CASE,VERBATIM CD-R 52X SLIM CASE,VERBATIM CD-R 52X SLIM CASE,5,6,NEW ITEMS,IN STOCK at supplier. <br> If ordered before 12PM: <br> DELIVERED next business day (main centres) <br> or 3-5 business days (regional areas or large items) <br> COLLECTION from Geewiz available Same Day (approx 4:30pm) ,TVR,1
31,MDA,MED315,"MDA BRANDED DVD+R, CB/100 16X","MDA BRANDED DVD+R, CB/100 16X","MDA BRANDED DVD+R, CB/100 16X",155,186,NEW ITEMS,IN STOCK at supplier. <br> If ordered before 12PM: <br> DELIVERED next business day (main centres) <br> or 3-5 business days (regional areas or large items) <br> COLLECTION from Geewiz available Same Day (approx 4:30pm) ,TVR,1
1,VERBATIM,MED334,VERBATIM DVD-R 16X 5 JEWEL CASE,VERBATIM DVD-R 16X 5 JEWEL CASE,VERBATIM DVD-R 16X 5 JEWEL CASE,27,32.4,NEW ITEMS,IN STOCK at supplier. <br> If ordered before 12PM: <br> DELIVERED next business day (main centres) <br> or 3-5 business days (regional areas or large items) <br> COLLECTION from Geewiz available Same Day (approx 4:30pm) ,TVR,1
6,UNBRANDED,MED435,"UNBRANDED WIP MINI DVD-R, 50 PK","UNBRANDED WIP MINI DVD-R, 50 PK","UNBRANDED WIP MINI DVD-R, 50 PK",145,174,NEW ITEMS,IN STOCK at supplier. <br> If ordered before 12PM: <br> DELIVERED next business day (main centres) <br> or 3-5 business days (regional areas or large items) <br> COLLECTION from Geewiz available Same Day (approx 4:30pm) ,TVR,1
1,AXIZ,MEM006,OLD 32MB SIMM EDO 72 PIN,OLD 32MB SIMM EDO 72 PIN,OLD 32MB SIMM EDO 72 PIN,284,340.8,NEW ITEMS,IN STOCK at supplier. <br> If ordered before 12PM: <br> DELIVERED next business day (main centres) <br> or 3-5 business days (regional areas or large items) <br> COLLECTION from Geewiz available Same Day (approx 4:30pm) ,TVR,1
1,PINN,MEM200,OLD 512MB DDR2 PC-533M,OLD 512MB DDR2 PC-533M,OLD 512MB DDR2 PC-533M,314,376.8,NEW ITEMS,IN STOCK at supplier. <br> If ordered before 12PM: <br> DELIVERED next business day (main centres) <br> or 3-5 business days (regional areas or large items) <br> COLLECTION from Geewiz available Same Day (approx 4:30pm) ,TVR,1
7,ALBATRON,MEM235,"ALBATRON DDR2 256MB, PC-667 BULK","ALBATRON DDR2 256MB, PC-667 BULK","ALBATRON DDR2 256MB, PC-667 BULK",51,61.2,NEW ITEMS,IN STOCK at supplier. <br> If ordered before 12PM: <br> DELIVERED next business day (main centres) <br> or 3-5 business days (regional areas or large items) <br> COLLECTION from Geewiz available Same Day (approx 4:30pm) ,TVR,1
1,ALBATRON,MEM236,"ALBATRON DDR2 512MB, PC-533 BULK","ALBATRON DDR2 512MB, PC-533 BULK","ALBATRON DDR2 512MB, PC-533 BULK",105,126,NEW ITEMS,IN STOCK at supplier. <br> If ordered before 12PM: <br> DELIVERED next business day (main centres) <br> or 3-5 business days (regional areas or large items) <br> COLLECTION from Geewiz available Same Day (approx 4:30pm) ,TVR,1
1,ALBATRON,MEM239,"ALBATRON DDR 512MB, PC-400 BULK","ALBATRON DDR 512MB, PC-400 BULK","ALBATRON DDR 512MB, PC-400 BULK",145,174,NEW ITEMS,IN STOCK at supplier. <br> If ordered before 12PM: <br> DELIVERED next business day (main centres) <br> or 3-5 business days (regional areas or large items) <br> COLLECTION from Geewiz available Same Day (approx 4:30pm) ,TVR,1
1,ASINT,MEM731,2GB ASINT SODIMM DDR3  PC-1600M 1.35V,2GB ASINT SODIMM DDR3  PC-1600M 1.35V,2GB ASINT SODIMM DDR3  PC-1600M 1.35V,499,598.8,NEW ITEMS,IN STOCK at supplier. <br> If ordered before 12PM: <br> DELIVERED next business day (main centres) <br> or 3-5 business days (regional areas or large items) <br> COLLECTION from Geewiz available Same Day (approx 4:30pm) ,TVR,1
11,OKION,ML127UPBLU,"OKION MSE, LACION U+P LIGHTUP LASER BLU","OKION MSE, LACION U+P LIGHTUP LASER BLU","OKION MSE, LACION U+P LIGHTUP LASER BLU",110,132,NEW ITEMS,IN STOCK at supplier. <br> If ordered before 12PM: <br> DELIVERED next business day (main centres) <br> or 3-5 business days (regional areas or large items) <br> COLLECTION from Geewiz available Same Day (approx 4:30pm) ,TVR,1
17,OKION,ML127UPRED,"OKION MSE, LACION U+P LIGHTUP LASER RED","OKION MSE, LACION U+P LIGHTUP LASER RED","OKION MSE, LACION U+P LIGHTUP LASER RED",110,132,NEW ITEMS,IN STOCK at supplier. <br> If ordered before 12PM: <br> DELIVERED next business day (main centres) <br> or 3-5 business days (regional areas or large items) <br> COLLECTION from Geewiz available Same Day (approx 4:30pm) ,TVR,1
27,OKION,ML129UP_BLU,"OKION MSE, PRELUDE BLU LASER USB+PS/2","OKION MSE, PRELUDE BLU LASER USB+PS/3","OKION MSE, PRELUDE BLU LASER USB+PS/4",121,145.2,NEW ITEMS,IN STOCK at supplier. <br> If ordered before 12PM: <br> DELIVERED next business day (main centres) <br> or 3-5 business days (regional areas or large items) <br> COLLECTION from Geewiz available Same Day (approx 4:30pm) ,TVR,1
21,OKION,ML129UP_PIK,"OKION MSE, PRELUDE PINK LASER USB+PS/2","OKION MSE, PRELUDE PINK LASER USB+PS/3","OKION MSE, PRELUDE PINK LASER USB+PS/4",121,145.2,NEW ITEMS,IN STOCK at supplier. <br> If ordered before 12PM: <br> DELIVERED next business day (main centres) <br> or 3-5 business days (regional areas or large items) <br> COLLECTION from Geewiz available Same Day (approx 4:30pm) ,TVR,1
37,OKION,ML129UP_WHT,"OKION MSE, PRELUDE WHT LASER USB+PS/2","OKION MSE, PRELUDE WHT LASER USB+PS/3","OKION MSE, PRELUDE WHT LASER USB+PS/4",121,145.2,NEW ITEMS,IN STOCK at supplier. <br> If ordered before 12PM: <br> DELIVERED next business day (main centres) <br> or 3-5 business days (regional areas or large items) <br> COLLECTION from Geewiz available Same Day (approx 4:30pm) ,TVR,1
14,OKION,ML234UP_BLU,"OKION MSE, DELIMER POCKET 4D LASER BLU","OKION MSE, DELIMER POCKET 4D LASER BLU","OKION MSE, DELIMER POCKET 4D LASER BLU",143,171.6,NEW ITEMS,IN STOCK at supplier. <br> If ordered before 12PM: <br> DELIVERED next business day (main centres) <br> or 3-5 business days (regional areas or large items) <br> COLLECTION from Geewiz available Same Day (approx 4:30pm) ,TVR,1
11,OKION,ML234UP_SLV,"OKION MSE, DELIMER POCKET 4D LASER SLV","OKION MSE, DELIMER POCKET 4D LASER SLV","OKION MSE, DELIMER POCKET 4D LASER SLV",143,171.6,NEW ITEMS,IN STOCK at supplier. <br> If ordered before 12PM: <br> DELIVERED next business day (main centres) <br> or 3-5 business days (regional areas or large items) <br> COLLECTION from Geewiz available Same Day (approx 4:30pm) ,TVR,1
16,OKION,ML234UP_WHT,"OKION MSE, DELIMER POCKET 4D LASER WHT","OKION MSE, DELIMER POCKET 4D LASER WHT","OKION MSE, DELIMER POCKET 4D LASER WHT",143,171.6,NEW ITEMS,IN STOCK at supplier. <br> If ordered before 12PM: <br> DELIVERED next business day (main centres) <br> or 3-5 business days (regional areas or large items) <br> COLLECTION from Geewiz available Same Day (approx 4:30pm) ,TVR,1
35,OKION,MO162UP-BLK,"OKION MSE, TIO-II USB+PS/2 DESKTOP COMBO","OKION MSE, TIO-II USB+PS/2 DESKTOP COMBO","OKION MSE, TIO-II USB+PS/2 DESKTOP COMBO",58,69.6,NEW ITEMS,IN STOCK at supplier. <br> If ordered before 12PM: <br> DELIVERED next business day (main centres) <br> or 3-5 business days (regional areas or large items) <br> COLLECTION from Geewiz available Same Day (approx 4:30pm) ,TVR,1
40,OKION,MO162UP-BLU,"OKION MSE, TIO-II USB+PS/2 DESKTOP COMBO","OKION MSE, TIO-II USB+PS/2 DESKTOP COMBO","OKION MSE, TIO-II USB+PS/2 DESKTOP COMBO",58,69.6,NEW ITEMS,IN STOCK at supplier. <br> If ordered before 12PM: <br> DELIVERED next business day (main centres) <br> or 3-5 business days (regional areas or large items) <br> COLLECTION from Geewiz available Same Day (approx 4:30pm) ,TVR,1
34,OKION,MO162UP-RED,"OKION MSE, TIO-II USB+PS/2 DESKTOP COMBO","OKION MSE, TIO-II USB+PS/2 DESKTOP COMBO","OKION MSE, TIO-II USB+PS/2 DESKTOP COMBO",58,69.6,NEW ITEMS,IN STOCK at supplier. <br> If ordered before 12PM: <br> DELIVERED next business day (main centres) <br> or 3-5 business days (regional areas or large items) <br> COLLECTION from Geewiz available Same Day (approx 4:30pm) ,TVR,1
26,OKION,MO163UP_GRY,"OKION MSE, ATOM COMBO U+P GRY","OKION MSE, ATOM COMBO U+P GRY","OKION MSE, ATOM COMBO U+P GRY",58,69.6,NEW ITEMS,IN STOCK at supplier. <br> If ordered before 12PM: <br> DELIVERED next business day (main centres) <br> or 3-5 business days (regional areas or large items) <br> COLLECTION from Geewiz available Same Day (approx 4:30pm) ,TVR,1
27,OKION,MO163UP_SLV,"OKION MSE, ATOM COMBO U+P SLV","OKION MSE, ATOM COMBO U+P SLV","OKION MSE, ATOM COMBO U+P SLV",58,69.6,NEW ITEMS,IN STOCK at supplier. <br> If ordered before 12PM: <br> DELIVERED next business day (main centres) <br> or 3-5 business days (regional areas or large items) <br> COLLECTION from Geewiz available Same Day (approx 4:30pm) ,TVR,1
13,OKION,MO267UP_BLK,"OKION MSE, SOAP BLK MOBILE OPT U+P","OKION MSE, SOAP BLK MOBILE OPT U+P","OKION MSE, SOAP BLK MOBILE OPT U+P",77,92.4,NEW ITEMS,IN STOCK at supplier. <br> If ordered before 12PM: <br> DELIVERED next business day (main centres) <br> or 3-5 business days (regional areas or large items) <br> COLLECTION from Geewiz available Same Day (approx 4:30pm) ,TVR,1
19,OKION,MO267UP_ORA,"OKION MSE, SOAP ORA MOBILE OPT U+P","OKION MSE, SOAP ORA MOBILE OPT U+P","OKION MSE, SOAP ORA MOBILE OPT U+P",77,92.4,NEW ITEMS,IN STOCK at supplier. <br> If ordered before 12PM: <br> DELIVERED next business day (main centres) <br> or 3-5 business days (regional areas or large items) <br> COLLECTION from Geewiz available Same Day (approx 4:30pm) ,TVR,1
20,OKION,MO269U_BLK,"OKION MSE, DEXTA MOBILE USB RETR. OPT","OKION MSE, DEXTA MOBILE USB RETR. OPT","OKION MSE, DEXTA MOBILE USB RETR. OPT",74,88.8,NEW ITEMS,IN STOCK at supplier. <br> If ordered before 12PM: <br> DELIVERED next business day (main centres) <br> or 3-5 business days (regional areas or large items) <br> COLLECTION from Geewiz available Same Day (approx 4:30pm) ,TVR,1
31,OKION,MO269U_BLU,"OKION MSE, DEXTA MOBILE USB RETR. OPT","OKION MSE, DEXTA MOBILE USB RETR. OPT","OKION MSE, DEXTA MOBILE USB RETR. OPT",74,88.8,NEW ITEMS,IN STOCK at supplier. <br> If ordered before 12PM: <br> DELIVERED next business day (main centres) <br> or 3-5 business days (regional areas or large items) <br> COLLECTION from Geewiz available Same Day (approx 4:30pm) ,TVR,1
21,OKION,MO271UP_BLU,"OKION MSE, CYPRINI OPTICAL U+P","OKION MSE, CYPRINI OPTICAL U+P","OKION MSE, CYPRINI OPTICAL U+P",74,88.8,NEW ITEMS,IN STOCK at supplier. <br> If ordered before 12PM: <br> DELIVERED next business day (main centres) <br> or 3-5 business days (regional areas or large items) <br> COLLECTION from Geewiz available Same Day (approx 4:30pm) ,TVR,1
27,OKION,MO271UP_BLUL,"OKION MSE, CYPRINI OPTICAL U+P","OKION MSE, CYPRINI OPTICAL U+P","OKION MSE, CYPRINI OPTICAL U+P",74,88.8,NEW ITEMS,IN STOCK at supplier. <br> If ordered before 12PM: <br> DELIVERED next business day (main centres) <br> or 3-5 business days (regional areas or large items) <br> COLLECTION from Geewiz available Same Day (approx 4:30pm) ,TVR,1
15,OKION,MO271UP_GRY,"OKION MSE, CYPRINI OPTICAL U+P","OKION MSE, CYPRINI OPTICAL U+P","OKION MSE, CYPRINI OPTICAL U+P",74,88.8,NEW ITEMS,IN STOCK at supplier. <br> If ordered before 12PM: <br> DELIVERED next business day (main centres) <br> or 3-5 business days (regional areas or large items) <br> COLLECTION from Geewiz available Same Day (approx 4:30pm) ,TVR,1
5,OKION,MO271UP_RED,"OKION MSE, CYPRINI OPTICAL U+P","OKION MSE, CYPRINI OPTICAL U+P","OKION MSE, CYPRINI OPTICAL U+P",74,88.8,NEW ITEMS,IN STOCK at supplier. <br> If ordered before 12PM: <br> DELIVERED next business day (main centres) <br> or 3-5 business days (regional areas or large items) <br> COLLECTION from Geewiz available Same Day (approx 4:30pm) ,TVR,1
51,OKION,MO274U_BLK,"OKION MSE, ANYWHERE MOBILE USB RETR. OPT","OKION MSE, ANYWHERE MOBILE USB RETR. OPT","OKION MSE, ANYWHERE MOBILE USB RETR. OPT",77,92.4,NEW ITEMS,IN STOCK at supplier. <br> If ordered before 12PM: <br> DELIVERED next business day (main centres) <br> or 3-5 business days (regional areas or large items) <br> COLLECTION from Geewiz available Same Day (approx 4:30pm) ,TVR,1
43,OKION,MO274U_WHT,"OKION MSE, ANYWHERE MOBILE USB RETR. OPT","OKION MSE, ANYWHERE MOBILE USB RETR. OPT","OKION MSE, ANYWHERE MOBILE USB RETR. OPT",77,92.4,NEW ITEMS,IN STOCK at supplier. <br> If ordered before 12PM: <br> DELIVERED next business day (main centres) <br> or 3-5 business days (regional areas or large items) <br> COLLECTION from Geewiz available Same Day (approx 4:30pm) ,TVR,1
1,OKION,MO277UP_BLK,"OKION MSE, ALIO MOBILE U+P OPTICAL_BLK","OKION MSE, ALIO MOBILE U+P OPTICAL_BLK","OKION MSE, ALIO MOBILE U+P OPTICAL_BLK",74,88.8,NEW ITEMS,IN STOCK at supplier. <br> If ordered before 12PM: <br> DELIVERED next business day (main centres) <br> or 3-5 business days (regional areas or large items) <br> COLLECTION from Geewiz available Same Day (approx 4:30pm) ,TVR,1
26,OKION,MO277UP_WHT,"OKION MSE, ALIO MOBILE U+P OPTICAL-WHT","OKION MSE, ALIO MOBILE U+P OPTICAL-WHT","OKION MSE, ALIO MOBILE U+P OPTICAL-WHT",74,88.8,NEW ITEMS,IN STOCK at supplier. <br> If ordered before 12PM: <br> DELIVERED next business day (main centres) <br> or 3-5 business days (regional areas or large items) <br> COLLECTION from Geewiz available Same Day (approx 4:30pm) ,TVR,1
12,OKION,MO279U_BLK,"OKION MSE, KOZI MOBILE USB RETR. OPT","OKION MSE, KOZI MOBILE USB RETR. OPT","OKION MSE, KOZI MOBILE USB RETR. OPT",71,85.2,NEW ITEMS,IN STOCK at supplier. <br> If ordered before 12PM: <br> DELIVERED next business day (main centres) <br> or 3-5 business days (regional areas or large items) <br> COLLECTION from Geewiz available Same Day (approx 4:30pm) ,TVR,1
1,OKION,MO284U_WHT,"OKION MSE, COLORIT MOBILE 7-COLORS CHANG","OKION MSE, COLORIT MOBILE 7-COLORS CHANG","OKION MSE, COLORIT MOBILE 7-COLORS CHANG",78,93.6,NEW ITEMS,IN STOCK at supplier. <br> If ordered before 12PM: <br> DELIVERED next business day (main centres) <br> or 3-5 business days (regional areas or large items) <br> COLLECTION from Geewiz available Same Day (approx 4:30pm) ,TVR,1
30,OKION,MO287UP-BLK,"OKION MSE, OVALO OPTICAL U+P COMBO","OKION MSE, OVALO OPTICAL U+P COMBO","OKION MSE, OVALO OPTICAL U+P COMBO",55,66,NEW ITEMS,IN STOCK at supplier. <br> If ordered before 12PM: <br> DELIVERED next business day (main centres) <br> or 3-5 business days (regional areas or large items) <br> COLLECTION from Geewiz available Same Day (approx 4:30pm) ,TVR,1
21,GENIUS,MSE214,GENIUS DT USB LS WL NAVIGATOR 835 LASER-,GENIUS DT USB LS WL NAVIGATOR 835 LASER-,GENIUS DT USB LS WL NAVIGATOR 835 LASER-,458,549.6,NEW ITEMS,IN STOCK at supplier. <br> If ordered before 12PM: <br> DELIVERED next business day (main centres) <br> or 3-5 business days (regional areas or large items) <br> COLLECTION from Geewiz available Same Day (approx 4:30pm) ,TVR,1
20,GENIUS,MSE221,GENIUS DT USB OP SCROLLTOO 200 WHT/BLUE-,GENIUS DT USB OP SCROLLTOO 200 WHT/BLUE-,GENIUS DT USB OP SCROLLTOO 200 WHT/BLUE-,68,81.6,NEW ITEMS,IN STOCK at supplier. <br> If ordered before 12PM: <br> DELIVERED next business day (main centres) <br> or 3-5 business days (regional areas or large items) <br> COLLECTION from Geewiz available Same Day (approx 4:30pm) ,TVR,1
9,GENIUS,MSE235,GENIUS MM USB LS MICRO TRAV 900S BLK,GENIUS MM USB LS MICRO TRAV 900S BLK,GENIUS MM USB LS MICRO TRAV 900S BLK,186,223.2,NEW ITEMS,IN STOCK at supplier. <br> If ordered before 12PM: <br> DELIVERED next business day (main centres) <br> or 3-5 business days (regional areas or large items) <br> COLLECTION from Geewiz available Same Day (approx 4:30pm) ,TVR,1
16,MSI,MSE513,"MSI MOUSE, INTERCEPTOR DS 100 GAMING","MSI MOUSE, INTERCEPTOR DS 100 GAMING","MSI MOUSE, INTERCEPTOR DS 100 GAMING",278,333.6,NEW ITEMS,IN STOCK at supplier. <br> If ordered before 12PM: <br> DELIVERED next business day (main centres) <br> or 3-5 business days (regional areas or large items) <br> COLLECTION from Geewiz available Same Day (approx 4:30pm) ,TVR,1
2,MSI,MSE515,"MSI MOUSE, INTERCEPTOR DS  B1 GAMING","MSI MOUSE, INTERCEPTOR DS  B1 GAMING","MSI MOUSE, INTERCEPTOR DS  B1 GAMING",248,297.6,NEW ITEMS,IN STOCK at supplier. <br> If ordered before 12PM: <br> DELIVERED next business day (main centres) <br> or 3-5 business days (regional areas or large items) <br> COLLECTION from Geewiz available Same Day (approx 4:30pm) ,TVR,1
33,GENIUS,MSE526,GENIUS PAD MOUSE G-PAD 800S BLACK,GENIUS PAD MOUSE G-PAD 800S BLACK,GENIUS PAD MOUSE G-PAD 800S BLACK,155,186,NEW ITEMS,IN STOCK at supplier. <br> If ordered before 12PM: <br> DELIVERED next business day (main centres) <br> or 3-5 business days (regional areas or large items) <br> COLLECTION from Geewiz available Same Day (approx 4:30pm) ,TVR,1
34,GENIUS,MSE527,GENIUS PAD MOUSE G-PAD 500S BLACK,GENIUS PAD MOUSE G-PAD 500S BLACK,GENIUS PAD MOUSE G-PAD 500S BLACK,133,159.6,NEW ITEMS,IN STOCK at supplier. <br> If ordered before 12PM: <br> DELIVERED next business day (main centres) <br> or 3-5 business days (regional areas or large items) <br> COLLECTION from Geewiz available Same Day (approx 4:30pm) ,TVR,1
18,GENIUS,MSE528,GENIUS PAD MOUSE G-PAD 300S BLACK,GENIUS PAD MOUSE G-PAD 300S BLACK,GENIUS PAD MOUSE G-PAD 300S BLACK,77,92.4,NEW ITEMS,IN STOCK at supplier. <br> If ordered before 12PM: <br> DELIVERED next business day (main centres) <br> or 3-5 business days (regional areas or large items) <br> COLLECTION from Geewiz available Same Day (approx 4:30pm) ,TVR,1
51,GENIUS,MSE529,GENIUS PAD WRIST KEY G-WP 100 BLACK,GENIUS PAD WRIST KEY G-WP 100 BLACK,GENIUS PAD WRIST KEY G-WP 100 BLACK,88,105.6,NEW ITEMS,IN STOCK at supplier. <br> If ordered before 12PM: <br> DELIVERED next business day (main centres) <br> or 3-5 business days (regional areas or large items) <br> COLLECTION from Geewiz available Same Day (approx 4:30pm) ,TVR,1
23,GENIUS,MSE530,GENIUS PAD MOUSE G-WMP 100 BLACK,GENIUS PAD MOUSE G-WMP 100 BLACK,GENIUS PAD MOUSE G-WMP 100 BLACK,88,105.6,NEW ITEMS,IN STOCK at supplier. <br> If ordered before 12PM: <br> DELIVERED next business day (main centres) <br> or 3-5 business days (regional areas or large items) <br> COLLECTION from Geewiz available Same Day (approx 4:30pm) ,TVR,1
52,GENIUS,MSE531,GENIUS PAD WRIST KEY G-WP 200M BLACK,GENIUS PAD WRIST KEY G-WP 200M BLACK,GENIUS PAD WRIST KEY G-WP 200M BLACK,177,212.4,NEW ITEMS,IN STOCK at supplier. <br> If ordered before 12PM: <br> DELIVERED next business day (main centres) <br> or 3-5 business days (regional areas or large items) <br> COLLECTION from Geewiz available Same Day (approx 4:30pm) ,TVR,1
44,GENIUS,MSE532,GENIUS PAD MOUSE G-WMP 200M BLACK,GENIUS PAD MOUSE G-WMP 200M BLACK,GENIUS PAD MOUSE G-WMP 200M BLACK,155,186,NEW ITEMS,IN STOCK at supplier. <br> If ordered before 12PM: <br> DELIVERED next business day (main centres) <br> or 3-5 business days (regional areas or large items) <br> COLLECTION from Geewiz available Same Day (approx 4:30pm) ,TVR,1
50,GENIUS,MSE533,GENIUS PAD WRIST MOUSE QPAD 100 BLACK,GENIUS PAD WRIST MOUSE QPAD 100 BLACK,GENIUS PAD WRIST MOUSE QPAD 100 BLACK,88,105.6,NEW ITEMS,IN STOCK at supplier. <br> If ordered before 12PM: <br> DELIVERED next business day (main centres) <br> or 3-5 business days (regional areas or large items) <br> COLLECTION from Geewiz available Same Day (approx 4:30pm) ,TVR,1
4,ALBATRON,MTB138,"ALBATRON PX925XEPRO-R INTEL, M/BOARD","ALBATRON PX925XEPRO-R INTEL, M/BOARD","ALBATRON PX925XEPRO-R INTEL, M/BOARD",998,1197.6,NEW ITEMS,IN STOCK at supplier. <br> If ordered before 12PM: <br> DELIVERED next business day (main centres) <br> or 3-5 business days (regional areas or large items) <br> COLLECTION from Geewiz available Same Day (approx 4:30pm) ,TVR,1
6,ALBATRON,MTB171,"ALBATRON PX915P-2V, INTEL M/BOARD","ALBATRON PX915P-2V, INTEL M/BOARD","ALBATRON PX915P-2V, INTEL M/BOARD",498,597.6,NEW ITEMS,IN STOCK at supplier. <br> If ordered before 12PM: <br> DELIVERED next business day (main centres) <br> or 3-5 business days (regional areas or large items) <br> COLLECTION from Geewiz available Same Day (approx 4:30pm) ,TVR,1
13,ALBATRON,MTB196,"ALBATRON M/BOARD, KM51G, SOCKET 939","ALBATRON M/BOARD, KM51G, SOCKET 940","ALBATRON M/BOARD, KM51G, SOCKET 941",488,585.6,NEW ITEMS,IN STOCK at supplier. <br> If ordered before 12PM: <br> DELIVERED next business day (main centres) <br> or 3-5 business days (regional areas or large items) <br> COLLECTION from Geewiz available Same Day (approx 4:30pm) ,TVR,1
2,ALBATRON,MTB259,"ALBATRON M/BOARD, PX975X-ROD INTEL SLI","ALBATRON M/BOARD, PX975X-ROD INTEL SLI","ALBATRON M/BOARD, PX975X-ROD INTEL SLI",1368,1641.6,NEW ITEMS,IN STOCK at supplier. <br> If ordered before 12PM: <br> DELIVERED next business day (main centres) <br> or 3-5 business days (regional areas or large items) <br> COLLECTION from Geewiz available Same Day (approx 4:30pm) ,TVR,1
6,ASROCK,MTB720,ASROCK Z170 EXTREME 4 MAINBOARD,ASROCK Z170 EXTREME 4 MAINBOARD,ASROCK Z170 EXTREME 4 MAINBOARD,2748,3297.6,NEW ITEMS,IN STOCK at supplier. <br> If ordered before 12PM: <br> DELIVERED next business day (main centres) <br> or 3-5 business days (regional areas or large items) <br> COLLECTION from Geewiz available Same Day (approx 4:30pm) ,TVR,1
2,GENIUS,MUL473,"GENIUS EARPHONE, GHP-200V PINK","GENIUS EARPHONE, GHP-200V PINK","GENIUS EARPHONE, GHP-200V PINK",38,45.6,NEW ITEMS,IN STOCK at supplier. <br> If ordered before 12PM: <br> DELIVERED next business day (main centres) <br> or 3-5 business days (regional areas or large items) <br> COLLECTION from Geewiz available Same Day (approx 4:30pm) ,TVR,1
3,GENIUS,MUL578,"GENIUS HEADSET, HS-920BT WHITE","GENIUS HEADSET, HS-920BT WHITE","GENIUS HEADSET, HS-920BT WHITE",388,465.6,NEW ITEMS,IN STOCK at supplier. <br> If ordered before 12PM: <br> DELIVERED next business day (main centres) <br> or 3-5 business days (regional areas or large items) <br> COLLECTION from Geewiz available Same Day (approx 4:30pm) ,TVR,1
19,GENIUS,MUL601,"GENIUS EARPHONE, HS320 BLACK","GENIUS EARPHONE, HS320 BLACK","GENIUS EARPHONE, HS320 BLACK",88,105.6,NEW ITEMS,IN STOCK at supplier. <br> If ordered before 12PM: <br> DELIVERED next business day (main centres) <br> or 3-5 business days (regional areas or large items) <br> COLLECTION from Geewiz available Same Day (approx 4:30pm) ,TVR,1
38,GENIUS,MUL602,"GENIUS EARPHONE, HS320 WHITE","GENIUS EARPHONE, HS320 WHITE","GENIUS EARPHONE, HS320 WHITE",88,105.6,NEW ITEMS,IN STOCK at supplier. <br> If ordered before 12PM: <br> DELIVERED next business day (main centres) <br> or 3-5 business days (regional areas or large items) <br> COLLECTION from Geewiz available Same Day (approx 4:30pm) ,TVR,1
37,GENIUS,MUL603,"GENIUS EARPHONE, HS320 BLUE","GENIUS EARPHONE, HS320 BLUE","GENIUS EARPHONE, HS320 BLUE",88,105.6,NEW ITEMS,IN STOCK at supplier. <br> If ordered before 12PM: <br> DELIVERED next business day (main centres) <br> or 3-5 business days (regional areas or large items) <br> COLLECTION from Geewiz available Same Day (approx 4:30pm) ,TVR,1
39,GENIUS,MUL604,"GENIUS EARPHONE, HS320 RED","GENIUS EARPHONE, HS320 RED","GENIUS EARPHONE, HS320 RED",88,105.6,NEW ITEMS,IN STOCK at supplier. <br> If ordered before 12PM: <br> DELIVERED next business day (main centres) <br> or 3-5 business days (regional areas or large items) <br> COLLECTION from Geewiz available Same Day (approx 4:30pm) ,TVR,1
43,GENIUS,MUL605,"GENIUS EARPHONE, HS320 GREEN","GENIUS EARPHONE, HS320 GREEN","GENIUS EARPHONE, HS320 GREEN",88,105.6,NEW ITEMS,IN STOCK at supplier. <br> If ordered before 12PM: <br> DELIVERED next business day (main centres) <br> or 3-5 business days (regional areas or large items) <br> COLLECTION from Geewiz available Same Day (approx 4:30pm) ,TVR,1
12,GENIUS,MUL613,"GENIUS SPEAKER, SP-HF180","GENIUS SPEAKER, SP-HF181","GENIUS SPEAKER, SP-HF182",138,165.6,NEW ITEMS,IN STOCK at supplier. <br> If ordered before 12PM: <br> DELIVERED next business day (main centres) <br> or 3-5 business days (regional areas or large items) <br> COLLECTION from Geewiz available Same Day (approx 4:30pm) ,TVR,1
8,TENDA,MW3(2-PACK),TENDA WHOLE HOME MESH WIFI AC1200 2P,TENDA WHOLE HOME MESH WIFI AC1200 2P,TENDA WHOLE HOME MESH WIFI AC1200 2P,1048,1257.6,NEW ITEMS,IN STOCK at supplier. <br> If ordered before 12PM: <br> DELIVERED next business day (main centres) <br> or 3-5 business days (regional areas or large items) <br> COLLECTION from Geewiz available Same Day (approx 4:30pm) ,TVR,1
30,TENDA,MW5(2-PACK),TENDA WHOLE HOME MESH WIFI AC1200 2P,TENDA WHOLE HOME MESH WIFI AC1200 2P,TENDA WHOLE HOME MESH WIFI AC1200 2P,1298,1557.6,NEW ITEMS,IN STOCK at supplier. <br> If ordered before 12PM: <br> DELIVERED next business day (main centres) <br> or 3-5 business days (regional areas or large items) <br> COLLECTION from Geewiz available Same Day (approx 4:30pm) ,TVR,1
18,TENDA,MW5(3-PACK),TENDA WHOLE HOME MESH WIFI AC1200 3P,TENDA WHOLE HOME MESH WIFI AC1200 3P,TENDA WHOLE HOME MESH WIFI AC1200 3P,2028,2433.6,NEW ITEMS,IN STOCK at supplier. <br> If ordered before 12PM: <br> DELIVERED next business day (main centres) <br> or 3-5 business days (regional areas or large items) <br> COLLECTION from Geewiz available Same Day (approx 4:30pm) ,TVR,1
16,TENDA,N301,"TENDA ROUTER, 300MBPS WIRELESS EASY SETU","TENDA ROUTER, 300MBPS WIRELESS EASY SETU","TENDA ROUTER, 300MBPS WIRELESS EASY SETU",168,201.6,NEW ITEMS,IN STOCK at supplier. <br> If ordered before 12PM: <br> DELIVERED next business day (main centres) <br> or 3-5 business days (regional areas or large items) <br> COLLECTION from Geewiz available Same Day (approx 4:30pm) ,TVR,1
8,ASUS,NOT2149,"ASUS 15, I3, 4GB, 1TB, WIN 10 HOME","ASUS 15, I3, 4GB, 1TB, WIN 10 HOME","ASUS 15, I3, 4GB, 1TB, WIN 10 HOME",5898,7077.6,NEW ITEMS,IN STOCK at supplier. <br> If ordered before 12PM: <br> DELIVERED next business day (main centres) <br> or 3-5 business days (regional areas or large items) <br> COLLECTION from Geewiz available Same Day (approx 4:30pm) ,TVR,1
10,ACER,NOT2173,"ACER ASPIRE A315, CEL, 500GB, W10H","ACER ASPIRE A315, CEL, 500GB, W10H","ACER ASPIRE A315, CEL, 500GB, W10H",4777,5732.4,NEW ITEMS,IN STOCK at supplier. <br> If ordered before 12PM: <br> DELIVERED next business day (main centres) <br> or 3-5 business days (regional areas or large items) <br> COLLECTION from Geewiz available Same Day (approx 4:30pm) ,TVR,1
8,OKION,NS119-BLK,"OKION N/STAND, COOLINGSPHERE BALL BLK","OKION N/STAND, COOLINGSPHERE BALL BLK","OKION N/STAND, COOLINGSPHERE BALL BLK",28,33.6,NEW ITEMS,IN STOCK at supplier. <br> If ordered before 12PM: <br> DELIVERED next business day (main centres) <br> or 3-5 business days (regional areas or large items) <br> COLLECTION from Geewiz available Same Day (approx 4:30pm) ,TVR,1
19,GENIUS,NTW004,GENIUS GH4080SE PALMTOP 8-PORT 10MBS,GENIUS GH4080SE PALMTOP 8-PORT 10MBS,GENIUS GH4080SE PALMTOP 8-PORT 10MBS,93,111.6,NEW ITEMS,IN STOCK at supplier. <br> If ordered before 12PM: <br> DELIVERED next business day (main centres) <br> or 3-5 business days (regional areas or large items) <br> COLLECTION from Geewiz available Same Day (approx 4:30pm) ,TVR,1
1,GENIUS,NTW012,GENIUS GF100TXRII PCI 10/100MBS NIC,GENIUS GF100TXRII PCI 10/100MBS NIC,GENIUS GF100TXRII PCI 10/100MBS NIC,88,105.6,NEW ITEMS,IN STOCK at supplier. <br> If ordered before 12PM: <br> DELIVERED next business day (main centres) <br> or 3-5 business days (regional areas or large items) <br> COLLECTION from Geewiz available Same Day (approx 4:30pm) ,TVR,1
13,GENIUS,NTW018,GENIUS GF100TXR BOOT ROM,GENIUS GF100TXR BOOT ROM,GENIUS GF100TXR BOOT ROM,37,44.4,NEW ITEMS,IN STOCK at supplier. <br> If ordered before 12PM: <br> DELIVERED next business day (main centres) <br> or 3-5 business days (regional areas or large items) <br> COLLECTION from Geewiz available Same Day (approx 4:30pm) ,TVR,1
1,GENIUS,NTW051,GENIUS CR-201U 2-IN-ONE CARD READER USB,GENIUS CR-201U 2-IN-ONE CARD READER USB,GENIUS CR-201U 2-IN-ONE CARD READER USB,86.5,103.8,NEW ITEMS,IN STOCK at supplier. <br> If ordered before 12PM: <br> DELIVERED next business day (main centres) <br> or 3-5 business days (regional areas or large items) <br> COLLECTION from Geewiz available Same Day (approx 4:30pm) ,TVR,1
2,GENIUS,NTW055,GENIUS GW-7100P WIRELESS PCMCIA CARD,GENIUS GW-7100P WIRELESS PCMCIA CARD,GENIUS GW-7100P WIRELESS PCMCIA CARD,298,357.6,NEW ITEMS,IN STOCK at supplier. <br> If ordered before 12PM: <br> DELIVERED next business day (main centres) <br> or 3-5 business days (regional areas or large items) <br> COLLECTION from Geewiz available Same Day (approx 4:30pm) ,TVR,1
1,GENIUS,NTW056,GENIUS GW-7100U WIRELESS USB CARD,GENIUS GW-7100U WIRELESS USB CARD,GENIUS GW-7100U WIRELESS USB CARD,254,304.8,NEW ITEMS,IN STOCK at supplier. <br> If ordered before 12PM: <br> DELIVERED next business day (main centres) <br> or 3-5 business days (regional areas or large items) <br> COLLECTION from Geewiz available Same Day (approx 4:30pm) ,TVR,1
1,GENIUS,NTW057,GENIUS GW-7100AP WIRELESS ACCESS POINT,GENIUS GW-7100AP WIRELESS ACCESS POINT,GENIUS GW-7100AP WIRELESS ACCESS POINT,523,627.6,NEW ITEMS,IN STOCK at supplier. <br> If ordered before 12PM: <br> DELIVERED next business day (main centres) <br> or 3-5 business days (regional areas or large items) <br> COLLECTION from Geewiz available Same Day (approx 4:30pm) ,TVR,1
1,D-LINK,ONE842,"D-LINK ANTENNA, 24-0802 2.4GHZ 8DBI","D-LINK ANTENNA, 24-0802 2.4GHZ 8DBI","D-LINK ANTENNA, 24-0802 2.4GHZ 8DBI",264,316.8,NEW ITEMS,IN STOCK at supplier. <br> If ordered before 12PM: <br> DELIVERED next business day (main centres) <br> or 3-5 business days (regional areas or large items) <br> COLLECTION from Geewiz available Same Day (approx 4:30pm) ,TVR,1
8,ACER,PRE002,ACER TROOPERII GAMING MACHINE,ACER TROOPERII GAMING MACHINE,ACER TROOPERII GAMING MACHINE,28888,34665.6,NEW ITEMS,IN STOCK at supplier. <br> If ordered before 12PM: <br> DELIVERED next business day (main centres) <br> or 3-5 business days (regional areas or large items) <br> COLLECTION from Geewiz available Same Day (approx 4:30pm) ,TVR,1
1,MSI,RTX 2080 SEA HAWK EK X,MSI RTX 2080 SEA HAWK EK X,MSI RTX 2080 SEA HAWK EK X,MSI RTX 2080 SEA HAWK EK X,12798,15357.6,NEW ITEMS,IN STOCK at supplier. <br> If ordered before 12PM: <br> DELIVERED next business day (main centres) <br> or 3-5 business days (regional areas or large items) <br> COLLECTION from Geewiz available Same Day (approx 4:30pm) ,TVR,1
1,MSI,RX 5500 XT GAMING X 8G,MSI RX 5500 XT GAMING X 8G,MSI RX 5500 XT GAMING X 8G,MSI RX 5500 XT GAMING X 8G,4798,5757.6,NEW ITEMS,IN STOCK at supplier. <br> If ordered before 12PM: <br> DELIVERED next business day (main centres) <br> or 3-5 business days (regional areas or large items) <br> COLLECTION from Geewiz available Same Day (approx 4:30pm) ,TVR,1
1,MSI,RX 5600 XT GAMING X 6G,MSI RX 5600 XT GAMING X 6GB GDDR6 192BIT,MSI RX 5600 XT GAMING X 6GB GDDR6 192BIT,MSI RX 5600 XT GAMING X 6GB GDDR6 192BIT,5998,7197.6,NEW ITEMS,IN STOCK at supplier. <br> If ordered before 12PM: <br> DELIVERED next business day (main centres) <br> or 3-5 business days (regional areas or large items) <br> COLLECTION from Geewiz available Same Day (approx 4:30pm) ,TVR,1
5,SAMSUNG,SM-R180NZKAXFA,SAMSUNG GALAXY BUDS LIVE - BLACK,SAMSUNG GALAXY BUDS LIVE - BLACK,SAMSUNG GALAXY BUDS LIVE - BLACK,2422,2906.4,NEW ITEMS,IN STOCK at supplier. <br> If ordered before 12PM: <br> DELIVERED next business day (main centres) <br> or 3-5 business days (regional areas or large items) <br> COLLECTION from Geewiz available Same Day (approx 4:30pm) ,TVR,1
5,SAMSUNG,SM-R180NZNAXFA,SAMSUNG GALAXY BUDS LIVE - MYSTIC BRONZE,SAMSUNG GALAXY BUDS LIVE - MYSTIC BRONZE,SAMSUNG GALAXY BUDS LIVE - MYSTIC BRONZE,2422,2906.4,NEW ITEMS,IN STOCK at supplier. <br> If ordered before 12PM: <br> DELIVERED next business day (main centres) <br> or 3-5 business days (regional areas or large items) <br> COLLECTION from Geewiz available Same Day (approx 4:30pm) ,TVR,1
8,SAMSUNG,SM-R180NZWAXFA,SAMSUNG GALAXY BUDS LIVE - WHITE,SAMSUNG GALAXY BUDS LIVE - WHITE,SAMSUNG GALAXY BUDS LIVE - WHITE,2422,2906.4,NEW ITEMS,IN STOCK at supplier. <br> If ordered before 12PM: <br> DELIVERED next business day (main centres) <br> or 3-5 business days (regional areas or large items) <br> COLLECTION from Geewiz available Same Day (approx 4:30pm) ,TVR,1
8,SAMSUNG,SM-R375NZKAXFA,SAMSUNG GALAXY FIT E WATCH - BLACK,SAMSUNG GALAXY FIT E WATCH - BLACK,SAMSUNG GALAXY FIT E WATCH - BLACK,578,693.6,NEW ITEMS,IN STOCK at supplier. <br> If ordered before 12PM: <br> DELIVERED next business day (main centres) <br> or 3-5 business days (regional areas or large items) <br> COLLECTION from Geewiz available Same Day (approx 4:30pm) ,TVR,1
8,SAMSUNG,SM-R820NSDAXFA,SAMSUNG GALAXY ACTIVE 2 BT44 - S/G,SAMSUNG GALAXY ACTIVE 2 BT44 - S/G,SAMSUNG GALAXY ACTIVE 2 BT44 - S/G,5228,6273.6,NEW ITEMS,IN STOCK at supplier. <br> If ordered before 12PM: <br> DELIVERED next business day (main centres) <br> or 3-5 business days (regional areas or large items) <br> COLLECTION from Geewiz available Same Day (approx 4:30pm) ,TVR,1
3,SAMSUNG,SM-R820NZDAXFA,SAMSUNG GALAXY ACTIVE 2 BT44 - RG,SAMSUNG GALAXY ACTIVE 2 BT44 - RG,SAMSUNG GALAXY ACTIVE 2 BT44 - RG,4548,5457.6,NEW ITEMS,IN STOCK at supplier. <br> If ordered before 12PM: <br> DELIVERED next business day (main centres) <br> or 3-5 business days (regional areas or large items) <br> COLLECTION from Geewiz available Same Day (approx 4:30pm) ,TVR,1
9,SAMSUNG,SM-R830NSDAXFA,SAMSUNG GALAXY ACTIVE 2 BT40 - S/G,SAMSUNG GALAXY ACTIVE 2 BT40 - S/G,SAMSUNG GALAXY ACTIVE 2 BT40 - S/G,4565,5478,NEW ITEMS,IN STOCK at supplier. <br> If ordered before 12PM: <br> DELIVERED next business day (main centres) <br> or 3-5 business days (regional areas or large items) <br> COLLECTION from Geewiz available Same Day (approx 4:30pm) ,TVR,1
6,SAMSUNG,SM-R830NSKAXFA,SAMSUNG GALAXY ACTIVE 2 BT40 - S/B,SAMSUNG GALAXY ACTIVE 2 BT40 - S/B,SAMSUNG GALAXY ACTIVE 2 BT40 - S/B,4565,5478,NEW ITEMS,IN STOCK at supplier. <br> If ordered before 12PM: <br> DELIVERED next business day (main centres) <br> or 3-5 business days (regional areas or large items) <br> COLLECTION from Geewiz available Same Day (approx 4:30pm) ,TVR,1
5,SAMSUNG,SM-R830NSSAXFA,SAMSUNG GALAXY ACTIVE 2 BT40 - S/S,SAMSUNG GALAXY ACTIVE 2 BT40 - S/S,SAMSUNG GALAXY ACTIVE 2 BT40 - S/S,4565,5478,NEW ITEMS,IN STOCK at supplier. <br> If ordered before 12PM: <br> DELIVERED next business day (main centres) <br> or 3-5 business days (regional areas or large items) <br> COLLECTION from Geewiz available Same Day (approx 4:30pm) ,TVR,1
14,SAMSUNG,SM-R830NZKAXFA,SAMSUNG GALAXY ACTIVE 2 BT40 -BLK,SAMSUNG GALAXY ACTIVE 2 BT40 -BLK,SAMSUNG GALAXY ACTIVE 2 BT40 -BLK,4258,5109.6,NEW ITEMS,IN STOCK at supplier. <br> If ordered before 12PM: <br> DELIVERED next business day (main centres) <br> or 3-5 business days (regional areas or large items) <br> COLLECTION from Geewiz available Same Day (approx 4:30pm) ,TVR,1
4,SAMSUNG,SM-R840NZKAXFA,SAMSUNG GALAXY 3 - 45MM BT -BLK-S/STEEL,SAMSUNG GALAXY 3 - 45MM BT -BLK-S/STEEL,SAMSUNG GALAXY 3 - 45MM BT -BLK-S/STEEL,5768,6921.6,NEW ITEMS,IN STOCK at supplier. <br> If ordered before 12PM: <br> DELIVERED next business day (main centres) <br> or 3-5 business days (regional areas or large items) <br> COLLECTION from Geewiz available Same Day (approx 4:30pm) ,TVR,1
8,SAMSUNG,SM-R840NZSAXFA,SAMSUNG GALAXY 3 - 45MM BT -SLV-S/STEEL,SAMSUNG GALAXY 3 - 45MM BT -SLV-S/STEEL,SAMSUNG GALAXY 3 - 45MM BT -SLV-S/STEEL,5768,6921.6,NEW ITEMS,IN STOCK at supplier. <br> If ordered before 12PM: <br> DELIVERED next business day (main centres) <br> or 3-5 business days (regional areas or large items) <br> COLLECTION from Geewiz available Same Day (approx 4:30pm) ,TVR,1
5,SAMSUNG,SM-R850NZDAXFA,SAMSUNG GALAXY 3 - 41MM BT -GLD-S/STEEL,SAMSUNG GALAXY 3 - 41MM BT -GLD-S/STEEL,SAMSUNG GALAXY 3 - 41MM BT -GLD-S/STEEL,5458,6549.6,NEW ITEMS,IN STOCK at supplier. <br> If ordered before 12PM: <br> DELIVERED next business day (main centres) <br> or 3-5 business days (regional areas or large items) <br> COLLECTION from Geewiz available Same Day (approx 4:30pm) ,TVR,1
5,SAMSUNG,SM-R850NZSAXFA,SAMSUNG GALAXY 3 - 41MM BT -SLV-S/STEEL,SAMSUNG GALAXY 3 - 41MM BT -SLV-S/STEEL,SAMSUNG GALAXY 3 - 41MM BT -SLV-S/STEEL,5458,6549.6,NEW ITEMS,IN STOCK at supplier. <br> If ordered before 12PM: <br> DELIVERED next business day (main centres) <br> or 3-5 business days (regional areas or large items) <br> COLLECTION from Geewiz available Same Day (approx 4:30pm) ,TVR,1
1,NORTON,SOF038,Z* NORTON UTILITIES,Z* NORTON UTILITIES,Z* NORTON UTILITIES,450,540,NEW ITEMS,IN STOCK at supplier. <br> If ordered before 12PM: <br> DELIVERED next business day (main centres) <br> or 3-5 business days (regional areas or large items) <br> COLLECTION from Geewiz available Same Day (approx 4:30pm) ,TVR,1
2,NERO,SOF065,Z* NERO 5 BURNING ROM V.5.5,Z* NERO 5 BURNING ROM V.5.6,Z* NERO 5 BURNING ROM V.5.7,15,18,NEW ITEMS,IN STOCK at supplier. <br> If ordered before 12PM: <br> DELIVERED next business day (main centres) <br> or 3-5 business days (regional areas or large items) <br> COLLECTION from Geewiz available Same Day (approx 4:30pm) ,TVR,1
19,E-PRESS,SOF086,Z* E-PRESS EASY OFFICE PREMIUM,Z* E-PRESS EASY OFFICE PREMIUM,Z* E-PRESS EASY OFFICE PREMIUM,399,478.8,NEW ITEMS,IN STOCK at supplier. <br> If ordered before 12PM: <br> DELIVERED next business day (main centres) <br> or 3-5 business days (regional areas or large items) <br> COLLECTION from Geewiz available Same Day (approx 4:30pm) ,TVR,1
15,NERO,SOF105,Z* NERO 6.3.120B SOFTWARE,Z* NERO 6.3.120B SOFTWARE,Z* NERO 6.3.120B SOFTWARE,17,20.4,NEW ITEMS,IN STOCK at supplier. <br> If ordered before 12PM: <br> DELIVERED next business day (main centres) <br> or 3-5 business days (regional areas or large items) <br> COLLECTION from Geewiz available Same Day (approx 4:30pm) ,TVR,1
3,BRITANNICA,SOF530,Z* ENCYCL BRITANNICA 2009 ULTIMATE DVD,Z* ENCYCL BRITANNICA 2009 ULTIMATE DVD,Z* ENCYCL BRITANNICA 2009 ULTIMATE DVD,310,372,NEW ITEMS,IN STOCK at supplier. <br> If ordered before 12PM: <br> DELIVERED next business day (main centres) <br> or 3-5 business days (regional areas or large items) <br> COLLECTION from Geewiz available Same Day (approx 4:30pm) ,TVR,1
11,IOLO,SOF666,Z* IOLO SYSTEM MECHANIC 7 STD,Z* IOLO SYSTEM MECHANIC 7 STD,Z* IOLO SYSTEM MECHANIC 7 STD,180,216,NEW ITEMS,IN STOCK at supplier. <br> If ordered before 12PM: <br> DELIVERED next business day (main centres) <br> or 3-5 business days (regional areas or large items) <br> COLLECTION from Geewiz available Same Day (approx 4:30pm) ,TVR,1
10,BRITANNICA,SOF698,Z* BRITANNICA ULTIMATE (BUNDLE DEAL),Z* BRITANNICA ULTIMATE (BUNDLE DEAL),Z* BRITANNICA ULTIMATE (BUNDLE DEAL),130,156,NEW ITEMS,IN STOCK at supplier. <br> If ordered before 12PM: <br> DELIVERED next business day (main centres) <br> or 3-5 business days (regional areas or large items) <br> COLLECTION from Geewiz available Same Day (approx 4:30pm) ,TVR,1
5,ESCAN,SOF733,Z* ESCAN DVD ANTI/V EDITION - 3 USER,Z* ESCAN DVD ANTI/V EDITION - 3 USER,Z* ESCAN DVD ANTI/V EDITION - 3 USER,118,141.6,NEW ITEMS,IN STOCK at supplier. <br> If ordered before 12PM: <br> DELIVERED next business day (main centres) <br> or 3-5 business days (regional areas or large items) <br> COLLECTION from Geewiz available Same Day (approx 4:30pm) ,TVR,1
1,BITDEFENDER,SOF931,Z* BIT/D IS V2011 OEM 5 USER,Z* BIT/D IS V2011 OEM 5 USER,Z* BIT/D IS V2011 OEM 5 USER,174,208.8,NEW ITEMS,IN STOCK at supplier. <br> If ordered before 12PM: <br> DELIVERED next business day (main centres) <br> or 3-5 business days (regional areas or large items) <br> COLLECTION from Geewiz available Same Day (approx 4:30pm) ,TVR,1
5,TENDA,TEF1105P-4-63W,TENDA SWITCH 5-PORT ETHER 4-PORT POE,TENDA SWITCH 5-PORT ETHER 4-PORT POE,TENDA SWITCH 5-PORT ETHER 4-PORT POE,378,453.6,NEW ITEMS,IN STOCK at supplier. <br> If ordered before 12PM: <br> DELIVERED next business day (main centres) <br> or 3-5 business days (regional areas or large items) <br> COLLECTION from Geewiz available Same Day (approx 4:30pm) ,TVR,1
5,TENDA,TEF1109P-8-63W,TENDA SWITCH 9-PORT ETHER 8-PORT POE,TENDA SWITCH 9-PORT ETHER 8-PORT POE,TENDA SWITCH 9-PORT ETHER 8-PORT POE,668,801.6,NEW ITEMS,IN STOCK at supplier. <br> If ordered before 12PM: <br> DELIVERED next business day (main centres) <br> or 3-5 business days (regional areas or large items) <br> COLLECTION from Geewiz available Same Day (approx 4:30pm) ,TVR,1
16,TENDA,U9,"TENDA USB, AC650 D/B AUTO-INSTALL ADAPTE","TENDA USB, AC650 D/B AUTO-INSTALL ADAPTE","TENDA USB, AC650 D/B AUTO-INSTALL ADAPTE",198,237.6,NEW ITEMS,IN STOCK at supplier. <br> If ordered before 12PM: <br> DELIVERED next business day (main centres) <br> or 3-5 business days (regional areas or large items) <br> COLLECTION from Geewiz available Same Day (approx 4:30pm) ,TVR,1
7,ROYAL,UPS051,BATTERY - UPS 12V   7 AMH,BATTERY - UPS 12V   7 AMH,BATTERY - UPS 12V   7 AMH,181,217.2,NEW ITEMS,IN STOCK at supplier. <br> If ordered before 12PM: <br> DELIVERED next business day (main centres) <br> or 3-5 business days (regional areas or large items) <br> COLLECTION from Geewiz available Same Day (approx 4:30pm) ,TVR,1
3,GENIUS,UPS075,GENIUS SIU-150 INVERTER SOLAR POWERED,GENIUS SIU-150 INVERTER SOLAR POWERED,GENIUS SIU-150 INVERTER SOLAR POWERED,618,741.6,NEW ITEMS,IN STOCK at supplier. <br> If ordered before 12PM: <br> DELIVERED next business day (main centres) <br> or 3-5 business days (regional areas or large items) <br> COLLECTION from Geewiz available Same Day (approx 4:30pm) ,TVR,1
10,GENIUS,UPS096,GENIUS G-12-300P AC-DC POWER SUPPLY,GENIUS G-12-300P AC-DC POWER SUPPLY,GENIUS G-12-300P AC-DC POWER SUPPLY,5288,6345.6,NEW ITEMS,IN STOCK at supplier. <br> If ordered before 12PM: <br> DELIVERED next business day (main centres) <br> or 3-5 business days (regional areas or large items) <br> COLLECTION from Geewiz available Same Day (approx 4:30pm) ,TVR,1
6,EUSSO,USH5016-XPC-V4,EUSSO 16-PORT 10/100M SOHO SWITCH,EUSSO 16-PORT 10/100M SOHO SWITCH,EUSSO 16-PORT 10/100M SOHO SWITCH,238,285.6,NEW ITEMS,IN STOCK at supplier. <br> If ordered before 12PM: <br> DELIVERED next business day (main centres) <br> or 3-5 business days (regional areas or large items) <br> COLLECTION from Geewiz available Same Day (approx 4:30pm) ,TVR,1
2,UNBRANDED,WIR01,WIRE STRIPPER FOR RG59/U CABLE,WIRE STRIPPER FOR RG59/U CABLE,WIRE STRIPPER FOR RG59/U CABLE,113,135.6,NEW ITEMS,IN STOCK at supplier. <br> If ordered before 12PM: <br> DELIVERED next business day (main centres) <br> or 3-5 business days (regional areas or large items) <br> COLLECTION from Geewiz available Same Day (approx 4:30pm) ,TVR,1
10,MSI,X570 GAMING PRO CARBON WI,MSI X570 GAMING PRO CARBON WIFI MAINBOAR,MSI X570 GAMING PRO CARBON WIFI MAINBOAR,MSI X570 GAMING PRO CARBON WIFI MAINBOAR,5118,6141.6,NEW ITEMS,IN STOCK at supplier. <br> If ordered before 12PM: <br> DELIVERED next business day (main centres) <br> or 3-5 business days (regional areas or large items) <br> COLLECTION from Geewiz available Same Day (approx 4:30pm) ,TVR,1
7,MSI,Z390 GAMING PRO CARBON,MSI Z390 GAMING PRO CARBON MAINBOARD,MSI Z390 GAMING PRO CARBON MAINBOARD,MSI Z390 GAMING PRO CARBON MAINBOARD,3798,4557.6,NEW ITEMS,IN STOCK at supplier. <br> If ordered before 12PM: <br> DELIVERED next business day (main centres) <br> or 3-5 business days (regional areas or large items) <br> COLLECTION from Geewiz available Same Day (approx 4:30pm) ,TVR,1
3,MSI,Z390 GAMING PRO CARBON AC,MSI Z390 GAMING PRO CARBON AC MAINBO,MSI Z390 GAMING PRO CARBON AC MAINBO,MSI Z390 GAMING PRO CARBON AC MAINBO,3898,4677.6,NEW ITEMS,IN STOCK at supplier. <br> If ordered before 12PM: <br> DELIVERED next business day (main centres) <br> or 3-5 business days (regional areas or large items) <br> COLLECTION from Geewiz available Same Day (approx 4:30pm) ,TVR,1
